vuelo,direccion,horario_local,horario_real,horario_estimado,estado,origen_destino,aeropuerto_iata,ruta,aerolinea_codigo,aerolinea_nombre,aerolinea_color,puerta,sector,matricula,modelo_avion,fabricante,icao_type_code,icao24_hex,operador,fuentes,id_externo,confianza,_nota,asientos
882,Arrival,2026-09-15T00:12,2026-09-15T00:07,,Aterrizó,Panamá (PTY),PTY,PTY → ROS,CM,Copa Airlines,#15349E,,,HP-9820CMP,Boeing 737 MAX 8,Boeing,B38M,0c21fc,,fids,049d7dbe-4e1b-46c9-8130-c70a5683f142,historico,histórico FR24,166
836,Departure,2026-09-15T01:23,2026-09-15T01:33,,Despegó,Panamá (PTY),PTY,ROS → PTY,CM,Copa Airlines,#15349E,7,B,HP-1822CMP,Boeing 737-8V3,Boeing,B738,0c2074,,fids,957f665c-1b7f-4ac2-82ed-d2b934283301,historico,histórico FR24,160
899,Arrival,2026-09-15T03:47,2026-09-15T03:32,,Aterrizó,Panamá (PTY),PTY,PTY → ROS,CM,Copa Airlines,#15349E,,,,Boeing 737-800,Boeing,B738,,,fids,d1ffeed5-dfff-4f1a-8f7a-71db3d55aea2,historico,histórico FR24,160
897,Departure,2026-09-15T05:09,2026-09-15T05:48,,Despegó,Panamá (PTY),PTY,ROS → PTY,CM,Copa Airlines,#15349E,7,B,HP-9815CMP,Boeing 737 MAX 8,,B38M,0c21df,,fids,7ac5f3c8-3bee-41b6-a4e5-57b7dd236a1c,historico,histórico FR24,166
2432,Arrival,2026-09-15T06:10,2026-09-15T06:03,,Aterrizó,Lima (LIM),LIM,LIM → ROS,LA,LATAM Airlines,#0B044E,,,CC-BFW,Airbus A320-214,,A320,e8020e,,fids,36ad558d-8f3e-439d-bcf2-e757a35100e9,historico,histórico FR24,174
1708,Arrival,2026-09-15T07:30,2026-09-15T07:22,,Aterrizó,Aeroparque (AEP),AEP,AEP → ROS,AR,Aerolíneas Argentinas,#467FBC,,,LV-FQZ,Boeing 737-8BK,Boeing,B738,e0645a,,fids,d2e5cac4-7726-4510-a286-f8b0d462a303,historico,histórico FR24,170
2433,Departure,2026-09-15T07:40,2026-09-15T07:28,,Despegó,Lima (LIM),LIM,ROS → LIM,LA,LATAM Airlines,#0B044E,7,B,CC-BFW,Airbus A320-214,,A320,e8020e,,fids,9df7e9d5-1aaf-4f86-878b-3f2099b3614c,historico,histórico FR24,174
1709,Departure,2026-09-15T08:00,2026-09-15T08:08,,Despegó,Aeroparque (AEP),AEP,ROS → AEP,AR,Aerolíneas Argentinas,#467FBC,,,LV-FQZ,Boeing 737-8BK,Boeing,B738,e0645a,,fids,68673821-0519-4575-83fa-43b4b8322524,historico,histórico FR24,170
1509,Arrival,2026-09-15T14:05,2026-09-15T14:33,,Aterrizó,Salta (SLA),SLA,SLA → ROS,AR,Aerolíneas Argentinas,#467FBC,,,LV-GVA,Boeing 737-887,,B738,e07581,,fids,334d7573-380a-450c-97bc-31f7108e8db9,historico,histórico FR24,170
1508,Departure,2026-09-15T14:45,2026-09-15T15:23,,Despegó,Salta (SLA),SLA,ROS → SLA,AR,Aerolíneas Argentinas,#467FBC,3,A,LV-GVA,Boeing 737-887,,B738,e07581,,fids,5a1a3289-4fcc-4251-a93e-9ec9360bc95b,historico,histórico FR24,170
1706,Arrival,2026-09-15T19:20,2026-09-15T19:16,,Aterrizó,Aeroparque (AEP),AEP,AEP → ROS,AR,Aerolíneas Argentinas,#467FBC,,,LV-CPJ,Embraer E190AR,Embraer,E190,e0340a,,fids,0d3ef144-403c-4905-892a-dc9e32606943,historico,histórico FR24,96
1707,Departure,2026-09-15T19:50,2026-09-15T20:03,,Despegó,Aeroparque (AEP),AEP,ROS → AEP,AR,Aerolíneas Argentinas,#467FBC,3,A,LV-CPJ,Embraer E190AR,Embraer,E190,e0340a,,fids,eb625dd5-55f9-4c80-b7f7-4224b2f42da7,historico,histórico FR24,96
882,Arrival,2026-09-16T00:12,2026-09-16T00:13,,Aterrizó,Panamá (PTY),PTY,PTY → ROS,CM,Copa Airlines,#15349E,,,HP-9820CMP,Boeing 737 MAX 8,Boeing,B38M,0c21fc,,fids,69fcba66-5b57-486a-85c9-5ee8aac94eca,historico,histórico FR24,166
7722,Arrival,2026-09-16T01:10,2026-09-16T01:04,,Aterrizó,Río de Janeiro (GIG),GIG,GIG → ROS,G3,GOL Linhas Aéreas,#E27B2E,,,,Boeing 737 MAX 8,Boeing,B38M,,,fids,2d432aa5-9ec2-46ba-b7f3-a54130aa2a63,historico,histórico FR24,186
836,Departure,2026-09-16T01:23,2026-09-16T01:41,,Despegó,Panamá (PTY),PTY,ROS → PTY,CM,Copa Airlines,#15349E,6,B,HP-9820CMP,Boeing 737 MAX 8,Boeing,B38M,0c21fc,,fids,36aa0db1-338a-46cc-999b-9d391ccbd4a7,historico,histórico FR24,166
7723,Departure,2026-09-16T02:10,2026-09-16T02:15,,Despegó,Río de Janeiro (GIG),GIG,ROS → GIG,G3,GOL Linhas Aéreas,#E27B2E,,,PR-XMO,Boeing 737 MAX 8,Boeing,B38M,e4952b,,fids,6fd1640f-5343-460f-ac27-749270e5d751,historico,histórico FR24,186
6676,Arrival,2026-09-16T02:33,2026-09-16T02:10,,Aterrizó,Punta Cana (PUJ),PUJ,PUJ → ROS,DM,Arajet,#482C72,,,,Boeing 737 MAX 8,Boeing,B38M,,,fids,81db0636-2e30-4a71-a3e5-0e38d618630b,historico,histórico FR24,185
6677,Departure,2026-09-16T03:39,2026-09-16T04:02,,Despegó,Punta Cana (PUJ),PUJ,ROS → PUJ,DM,Arajet,#482C72,6,B,HI1133,Boeing 737 MAX 8,Boeing,B38M,0c43b0,,fids,92704360-7507-461e-8c56-7145cd4a9609,historico,histórico FR24,185
2432,Arrival,2026-09-16T06:10,2026-09-16T06:52,,Aterrizó,Lima (LIM),LIM,LIM → ROS,LA,LATAM Airlines,#0B044E,,,CC-BAK,Airbus A320-232,Airbus,A320,e8041b,,fids,ccf07f62-2847-46a6-ac0d-96eb6c2e4f9b,historico,histórico FR24,174
1708,Arrival,2026-09-16T07:30,2026-09-16T07:29,,Aterrizó,Aeroparque (AEP),AEP,AEP → ROS,AR,Aerolíneas Argentinas,#467FBC,,,LV-GOO,Boeing 737-7BD,Boeing,B737,e073cf,,fids,fad26cfd-a246-41d5-a49e-d03b6e501d4a,historico,histórico FR24,137
2433,Departure,2026-09-16T07:40,2026-09-16T08:07,,Despegó,Lima (LIM),LIM,ROS → LIM,LA,LATAM Airlines,#0B044E,7,B,CC-BAK,Airbus A320-232,Airbus,A320,e8041b,,fids,1999de59-a5c0-47cd-97c7-8e35fa29f2bf,historico,histórico FR24,174
1709,Departure,2026-09-16T08:00,2026-09-16T08:22,,Despegó,Aeroparque (AEP),AEP,ROS → AEP,AR,Aerolíneas Argentinas,#467FBC,3,A,LV-GOO,Boeing 737-7BD,Boeing,B737,e073cf,,fids,e52ed752-9f04-48d8-900e-657a8bf01243,historico,histórico FR24,137
8170,Arrival,2026-09-16T11:40,2026-09-16T12:12,,Aterrizó,São Paulo (GRU),GRU,GRU → ROS,LA,LATAM Airlines,#0B044E,,,PR-XBE,Airbus A320neo,Airbus,A20N,e4953d,,fids,c63882f8-1703-4b12-9cec-08c71ae75b4c,historico,histórico FR24,174
1704,Arrival,2026-09-16T12:00,2026-09-16T11:45,,Aterrizó,Bariloche (BRC),BRC,BRC → ROS,AR,Aerolíneas Argentinas,#467FBC,,,LV-FRK,Boeing 737-8BK,Boeing,B738,e0648b,,fids,6bcd7012-3bad-430f-9b2f-ee789706e11b,historico,histórico FR24,170
1715,Departure,2026-09-16T12:40,2026-09-16T12:46,,Despegó,Aeroparque (AEP),AEP,ROS → AEP,AR,Aerolíneas Argentinas,#467FBC,3,A,LV-FRK,Boeing 737-8BK,Boeing,B738,e0648b,Aerolineas Argentinas,fids,8f4d31fe-29e6-43aa-88e9-06aa3fa7e838,historico,histórico FR24,170
8171,Departure,2026-09-16T12:40,2026-09-16T13:23,,Despegó,São Paulo (GRU),GRU,ROS → GRU,LA,LATAM Airlines,#0B044E,7,B,PR-XBE,Airbus A320neo,Airbus,A20N,e4953d,,fids,e40cbe4c-9315-490e-8385-d101c34d5f4c,historico,histórico FR24,174
1706,Arrival,2026-09-16T19:35,2026-09-16T19:37,,Aterrizó,Aeroparque (AEP),AEP,AEP → ROS,AR,Aerolíneas Argentinas,#467FBC,,,LV-CPJ,Embraer E190AR,Embraer,E190,e0340a,,fids+fr24,1004bd0e-84f0-4d64-a8cd-f92deb495acb,real,,96
1707,Departure,2026-09-16T20:05,2026-09-16T20:23,,Despegó,Aeroparque (AEP),AEP,ROS → AEP,AR,Aerolíneas Argentinas,#467FBC,3,A,LV-CPJ,Embraer E190AR,Embraer,E190,e0340a,,fids+fr24,7b68bef8-a57c-4cf1-91c5-be800311cba2,real,,96
882,Arrival,2026-09-17T00:12,2026-09-17T00:22,,Aterrizó,Panamá (PTY),PTY,PTY → ROS,CM,Copa Airlines,#15349E,,,HP-9802CMP,Boeing 737 MAX 8,Boeing,B38M,0c21a4,Copa Airlines,fids+fr24,69f361a5-b468-45a6-a9df-b8616ebf4d72,real,histórico FR24,166
836,Departure,2026-09-17T01:23,2026-09-17T01:52,,Despegó,Panamá (PTY),PTY,ROS → PTY,CM,Copa Airlines,#15349E,7,B,HP-9820CMP,Boeing 737 MAX 8,Boeing,B38M,0c21fc,,fids+fr24,744fb012-0f59-41f4-9083-0da4401ba5ac,historico,histórico FR24,166
1708,Arrival,2026-09-17T07:30,2026-09-17T07:26,,Aterrizó,Aeroparque (AEP),AEP,AEP → ROS,AR,Aerolíneas Argentinas,#467FBC,,,LV-FQZ,Boeing 737-8BK,Boeing,B738,e0645a,,fids+fr24,0e48b0e6-3b62-42fb-9a86-961a811b38ee,real,,170
1709,Departure,2026-09-17T08:00,2026-09-17T08:07,,Despegó,Aeroparque (AEP),AEP,ROS → AEP,AR,Aerolíneas Argentinas,#467FBC,3,A,LV-FQZ,Boeing 737-8BK,Boeing,B738,e0645a,,fids+fr24,24939b10-6b26-4fd2-918b-45635d7a742f,real,,170
1714,Arrival,2026-09-17T13:35,,2026-09-17T14:15,Aterrizó,Aeroparque (AEP),AEP,AEP → ROS,AR,Aerolíneas Argentinas,#467FBC,,,LV-KIT,Boeing 737 MAX 8,Boeing,B38M,e0b254,Aerolineas Argentinas,fids+fr24,9ea3d370-eca7-4965-a0c7-389ede6396fc,real,,170
1715,Departure,2026-09-17T14:05,2026-09-17T14:52,2026-09-17T14:45,Despegó,Aeroparque (AEP),AEP,ROS → AEP,AR,Aerolíneas Argentinas,#467FBC,3,A,LV-KIT,Boeing 737 MAX 8,Boeing,B38M,e0b254,Aerolineas Argentinas,fids+fr24,ed2d6a53-a484-40c2-9abd-a5b993b008f4,real,,170
1711,Arrival,2026-09-17T14:25,,2026-09-17T16:22,Aterrizó,Iguazú (IGR),IGR,IGR → ROS,AR,Aerolíneas Argentinas,#467FBC,,,LV-GUC,Boeing 737-8SH,Boeing,B738,e07543,,fids+fr24,ca2d1504-3a98-412a-9682-448dfd3a8cab,real,,170
1710,Departure,2026-09-17T15:35,2026-09-17T17:08,2026-09-17T16:20,Despegó,Iguazú (IGR),IGR,ROS → IGR,AR,Aerolíneas Argentinas,#467FBC,3,A,LV-GUC,Boeing 737-8SH,Boeing,B738,e07543,,fids+fr24,23908e36-15ff-4683-9056-776dbdc1d480,real,,170
1718,Arrival,2026-09-17T19:30,,2026-09-17T20:15,Aterrizó,Aeroparque (AEP),AEP,AEP → ROS,AR,Aerolíneas Argentinas,#467FBC,,,LV-HKV,Boeing 737 MAX 8,BOEING,B38M,e082d6,Aerolineas Argentinas,fids+fr24,e6ca79bb-c311-4d70-8a07-4476545ea7e4,real,,170
1719,Departure,2026-09-17T20:00,2026-09-17T21:20,,Despegó,Ezeiza (EZE),EZE,ROS → EZE,AR,Aerolíneas Argentinas,#467FBC,3,A,LV-HKV,Boeing 737 MAX 8,BOEING,B38M,e082d6,Aerolineas Argentinas,fids+fr24,5aa2162d-3a3d-492d-ae2b-a870e69ce7d1,real,,170
882,Arrival,2026-09-18T00:12,2026-09-18T00:20,,Aterrizó,Panamá (PTY),PTY,PTY → ROS,CM,Copa Airlines,#15349E,,,HP-9802CMP,Boeing 737 MAX 8,Boeing,B38M,0c21a4,Copa Airlines,fids+fr24,b7f271cc-0d26-447a-8ee7-d3f2523f3c90,real,histórico FR24,166
7722,Arrival,2026-09-18T01:10,2026-09-18T01:13,,Aterrizó,Río de Janeiro (GIG),GIG,GIG → ROS,G3,GOL Linhas Aéreas,#E27B2E,,,PS-GPD,Boeing 737 MAX 8,Boeing,B38M,e49956,,fids+fr24,9676c429-1fd0-427d-9417-c5dbde891194,historico,histórico FR24,186
836,Departure,2026-09-18T01:23,2026-09-18T01:41,,Despegó,Panamá (PTY),PTY,ROS → PTY,CM,Copa Airlines,#15349E,6,B,HP-9802CMP,Boeing 737 MAX 8,Boeing,B38M,0c21a4,,fids+fr24,3de6fc63-949c-46f5-8e76-236ec886f869,historico,histórico FR24,166
7723,Departure,2026-09-18T02:10,2026-09-18T02:15,,Despegó,Río de Janeiro (GIG),GIG,ROS → GIG,G3,GOL Linhas Aéreas,#E27B2E,7,B,PS-GPD,Boeing 737 MAX 8,Boeing,B38M,e49956,,fids+fr24,ae6ba3df-ce19-4658-ae27-e20886f9032e,historico,histórico FR24,186
6676,Arrival,2026-09-18T02:33,2026-09-18T02:10,,Aterrizó,Punta Cana (PUJ),PUJ,PUJ → ROS,DM,Arajet,#482C72,,,HI1103,Boeing 737 MAX 8,Boeing,B38M,0c4356,Arajet,fids+fr24,f1c1184d-7198-471e-85ff-994d415637f2,real,histórico FR24,185
6677,Departure,2026-09-18T03:39,2026-09-18T03:43,,Despegó,Punta Cana (PUJ),PUJ,ROS → PUJ,DM,Arajet,#482C72,6,B,HI1103,Boeing 737 MAX 8,Boeing,B38M,0c4356,Arajet,fids+fr24,11d5013d-b6c2-4c94-bcd5-dcfa5445467b,historico,histórico FR24,185
899,Arrival,2026-09-18T03:47,2026-09-18T03:16,,Aterrizó,Panamá (PTY),PTY,PTY → ROS,CM,Copa Airlines,#15349E,,,HP-9818CMP,Boeing 737-800,Boeing,B738,0c21fa,,fids+fr24,731a0f2f-5443-4d36-91a0-7c48b732478f,historico,histórico FR24,160
897,Departure,2026-09-18T05:09,2026-09-18T05:12,,Despegó,Panamá (PTY),PTY,ROS → PTY,CM,Copa Airlines,#15349E,7,B,HP-9814CMP,Boeing 737 MAX 8,Boeing,B38M,0c21de,,fids+fr24,dc92539f-bc4a-47b5-bf11-89cd0a18774f,historico,histórico FR24,166
2432,Arrival,2026-09-18T06:10,2026-09-18T05:40,,Aterrizó,Lima (LIM),LIM,LIM → ROS,LA,LATAM Airlines,#0B044E,,,CC-CPM,Airbus A319-132,Airbus,A319,e80260,,fids+fr24,fbc63f81-ec97-45b8-b33c-872857f56b69,real,,144
1708,Arrival,2026-09-18T07:30,2026-09-18T07:23,,Aterrizó,Aeroparque (AEP),AEP,AEP → ROS,AR,Aerolíneas Argentinas,#467FBC,,,LV-CDY,Embraer E190AR,Embraer,E190,e03119,,fids+fr24,d677c888-08c2-4bff-802a-7c7c28a0d353,real,modelo del cache,96
2433,Departure,2026-09-18T07:40,2026-09-18T07:44,,Despegó,Lima (LIM),LIM,ROS → LIM,LA,LATAM Airlines,#0B044E,7,B,CC-CPM,Airbus A319-132,Airbus,A319,e80260,,fids+fr24,edc6eee2-dd4b-4ef0-9c4c-44e6c610b67e,real,,144
1709,Departure,2026-09-18T08:00,2026-09-18T08:07,,Despegó,Aeroparque (AEP),AEP,ROS → AEP,AR,Aerolíneas Argentinas,#467FBC,3,A,LV-CDY,Embraer E190AR,Embraer,E190,e03119,,fids+fr24,a2ea1725-13f7-4e58-a551-c372cede6ba7,real,modelo del cache,96
1704,Arrival,2026-09-18T09:40,2026-09-18T09:49,,Aterrizó,Bariloche (BRC),BRC,BRC → ROS,AR,Aerolíneas Argentinas,#467FBC,,,LV-GGQ,Boeing 737-800,Boeing,B738,e071d1,,fids+fr24,1f84d5d6-db5b-4f1e-a023-16fea5b54d8d,real,,170
1715,Departure,2026-09-18T10:20,2026-09-18T10:42,,Despegó,Aeroparque (AEP),AEP,ROS → AEP,AR,Aerolíneas Argentinas,#467FBC,3,A,LV-GGQ,Boeing 737-800,Boeing,B738,e071d1,Aerolineas Argentinas,fids+fr24,364d2a87-ce68-458c-9b67-d918a12a0395,real,,170
8170,Arrival,2026-09-18T11:40,,,Aterrizó,São Paulo (GRU),GRU,GRU → ROS,LA,LATAM Airlines,#0B044E,,,PR-TQC,Airbus A320-214,AIRBUS,A320,e49763,LATAM Airlines,fids+fr24,cfafa1f3-bbcb-4e2c-a299-5c95155b9d50,real,,174
8171,Departure,2026-09-18T12:40,2026-09-18T13:08,,Despegó,São Paulo (GRU),GRU,ROS → GRU,LA,LATAM Airlines,#0B044E,7,B,PR-TQC,Airbus A320-214,AIRBUS,A320,e49763,LATAM Airlines,fids+fr24,01e6efa0-f986-4d1f-b7ab-efa77895a877,real,,174
1716,Arrival,2026-09-18T16:25,2026-09-18T17:30,2026-09-18T17:20,Aterrizó,Aeroparque (AEP),AEP,AEP → ROS,AR,Aerolíneas Argentinas,#467FBC,,,LV-FYK,Boeing 737-800,Boeing,B738,e0664b,,fids+fr24,5ce638cf-7a8b-440b-86d9-198081a1aca9,real,,170
1705,Departure,2026-09-18T17:15,2026-09-18T18:30,2026-09-18T18:00,Despegó,Bariloche (BRC),BRC,ROS → BRC,AR,Aerolíneas Argentinas,#467FBC,3,A,LV-FYK,Boeing 737-800,Boeing,B738,e0664b,,fids+fr24,8b18bb05-dc1e-40bb-834f-3419ee8388c2,real,,170
1076,Arrival,2026-09-18T18:50,2026-09-18T18:44,,Aterrizó,Aeroparque (AEP),AEP,AEP → ROS,AR,Aerolíneas Argentinas,#467FBC,,,,Boeing 737-800,Boeing,B738,,,fids,0aa57c13-2051-41a9-afba-f6925d59a518,cache_modelo,modelo del cache,170
1976,Departure,2026-09-18T19:30,2026-09-18T19:42,,Despegó,Santa Cruz Viru Viru (VVI),VVI,ROS → VVI,AR,Aerolíneas Argentinas,#467FBC,6,B,,Boeing 737-800,Boeing,B738,,,fids,6f2273c4-eb7f-4963-90a3-5c18a942cf12,cache_modelo,modelo del cache,170
1712,Arrival,2026-09-18T20:30,2026-09-18T21:02,2026-09-18T21:05,Aterrizó,Aeroparque (AEP),AEP,AEP → ROS,AR,Aerolíneas Argentinas,#467FBC,,,LV-BYY,Embraer E190AR,Embraer,E190,e02659,,fids+fr24,d0f55bc4-fdf9-436a-885c-1bdbe2697034,real,histórico FR24,96
1713,Departure,2026-09-18T21:10,2026-09-18T21:47,2026-09-18T21:45,Despegó,Aeroparque (AEP),AEP,ROS → AEP,AR,Aerolíneas Argentinas,#467FBC,3,A,LV-FVN,Embraer E190AR,Embraer,E190,e0658e,,fids+fr24,b69e2aa8-edfd-4c0f-b7b7-74cb58b600e2,real,,96
882,Arrival,2026-09-19T00:12,2026-09-19T00:02,,Aterrizó,Panamá (PTY),PTY,PTY → ROS,CM,Copa Airlines,#15349E,,,HP-9809CMP,Boeing 737-800,Boeing,B738,0c21b7,,fids+fr24,8243295d-94c9-4c6d-b7d4-04685e1b3fad,historico,histórico FR24,160
836,Departure,2026-09-19T01:23,2026-09-19T01:35,,Despegó,Panamá (PTY),PTY,ROS → PTY,CM,Copa Airlines,#15349E,6,B,HP-9802CMP,Boeing 737 MAX 8,Boeing,B38M,0c21a4,,fids+fr24,8030da12-69ee-4a4f-8ba0-21306bbf6d66,historico,histórico FR24,166
899,Arrival,2026-09-19T03:47,2026-09-19T03:16,,Aterrizó,Panamá (PTY),PTY,PTY → ROS,CM,Copa Airlines,#15349E,,,HP-9818CMP,Boeing 737-800,Boeing,B738,0c21fa,,fids+fr24,46058686-4043-4fe4-9320-c64bc30e3d5e,historico,histórico FR24,160
1979,Arrival,2026-09-19T03:50,2026-09-19T04:00,,Aterrizó,Santa Cruz Viru Viru (VVI),VVI,VVI → ROS,AR,Aerolíneas Argentinas,#467FBC,,,,Boeing 737-800,Boeing,B738,,,fids,5ada93a8-a5e0-473b-966e-8f21d335c3b3,cache_modelo,modelo del cache,170
1079,Departure,2026-09-19T04:30,2026-09-19T04:58,,Despegó,Aeroparque (AEP),AEP,ROS → AEP,AR,Aerolíneas Argentinas,#467FBC,,,LV-GGK,Boeing 737-8SH,Boeing,B738,e071cb,,fids+fr24,a74b7025-b0a5-4467-a055-b82454f04194,real,modelo del cache,170
897,Departure,2026-09-19T05:09,2026-09-19T05:20,,Despegó,Panamá (PTY),PTY,ROS → PTY,CM,Copa Airlines,#15349E,7,B,HP-9818CMP,Boeing 737-800,Boeing,B738,0c21de,,fids+fr24,913f4746-6bc2-4e19-a30c-bf09048fb8be,historico,histórico FR24,160
1708,Arrival,2026-09-19T09:20,2026-09-19T09:17,,Aterrizó,Ezeiza (EZE),EZE,EZE → ROS,AR,Aerolíneas Argentinas,#467FBC,,,LV-CIH,Embraer E190AR,Embraer,E190,e03248,,fids+fr24,460029f1-fe96-4ebd-9b8b-e04d1af8eb9a,real,modelo del cache,96
1709,Departure,2026-09-19T09:50,2026-09-19T10:01,,Despegó,Aeroparque (AEP),AEP,ROS → AEP,AR,Aerolíneas Argentinas,#467FBC,3,A,LV-CIH,Embraer E190AR,Embraer,E190,e03248,,fids+fr24,f6988730-bf23-4a46-930f-e6cacbc960e5,real,,96
1508,Arrival,2026-09-19T11:25,2026-09-19T11:18,,Aterrizó,Aeroparque (AEP),AEP,AEP → ROS,AR,Aerolíneas Argentinas,#467FBC,,,LV-CMA,Embraer E190AR,Embraer,E190,e03341,,fids+fr24,04c5acea-ad64-41e2-bb18-769edef9ab14,real,,96
8170,Arrival,2026-09-19T11:40,2026-09-19T11:24,,Aterrizó,São Paulo (GRU),GRU,GRU → ROS,LA,LATAM Airlines,#0B044E,,,PS-LHC,Airbus A320neo,Airbus,A20N,e49fc2,LATAM Airlines,fids+fr24,81478a26-e118-42d4-af0c-a195e3025973,real,,174
1508,Departure,2026-09-19T11:55,2026-09-19T12:06,,Despegó,Salta (SLA),SLA,ROS → SLA,AR,Aerolíneas Argentinas,#467FBC,3,A,LV-CMA,Embraer E190AR,Embraer,E190,e03341,,fids+fr24,1f0839c9-c293-49e2-984f-761442eb0ad9,real,,96
8171,Departure,2026-09-19T13:05,2026-09-19T13:10,,Despegó,São Paulo (GRU),GRU,ROS → GRU,LA,LATAM Airlines,#0B044E,7,B,PS-LHC,Airbus A320neo,Airbus,A20N,e49fc2,LATAM Airlines,fids+fr24,677011a7-1123-4add-b254-e7ec8210faaa,real,,174
1714,Arrival,2026-09-19T14:15,2026-09-19T13:57,,Aterrizó,Aeroparque (AEP),AEP,AEP → ROS,AR,Aerolíneas Argentinas,#467FBC,,,LV-CEV,Embraer E190AR,Embraer,E190,e03156,Aerolineas Argentinas,fids+fr24,051ca056-c836-4d5c-87e1-7467207258f8,real,,96
1715,Departure,2026-09-19T14:45,2026-09-19T14:47,,Despegó,Aeroparque (AEP),AEP,ROS → AEP,AR,Aerolíneas Argentinas,#467FBC,3,A,LV-CEV,Embraer E190AR,Embraer,E190,e03156,Aerolineas Argentinas,fids+fr24,0067ab0a-cef0-4a3f-af24-d2deea0295cf,real,,96
661,Arrival,2026-09-19T15:00,2026-09-19T14:51,,Aterrizó,Bariloche (BRC),BRC,BRC → ROS,O4,Andes Líneas Aéreas,#9A403A,,,LV-KFW,Boeing 737-700,Boeing,B737,e0b197,,fids+fr24,62593f70-53fc-457a-a0df-2ce5c63a6d05,historico,histórico FR24,149
662,Departure,2026-09-19T16:00,2026-09-19T16:00,,Despegó,Bariloche (BRC),BRC,ROS → BRC,O4,Andes Líneas Aéreas,#9A403A,3,A,LV-KFW,Boeing 737-700,Boeing,B737,e0b197,,fids+fr24,80f186e4-1ceb-40c3-a54d-d21ff4dd1556,historico,histórico FR24,149
1080,Arrival,2026-09-19T18:50,,,Cancelado,Aeroparque (AEP),AEP,AEP → ROS,AR,Aerolíneas Argentinas,#467FBC,,,,Boeing 737-800,Boeing,B738,,,fids,66e1ec1b-1922-413e-8da3-ca5d45b7f815,cache_modelo,modelo del cache,170
1509,Arrival,2026-09-19T19:30,2026-09-19T19:54,,Aterrizó,Salta (SLA),SLA,SLA → ROS,AR,Aerolíneas Argentinas,#467FBC,,,LV-GUC,Boeing 737-8SH,Boeing,B738,e07543,,fids+fr24,1ac11aa8-e892-44a0-b020-a78ca1434b10,real,histórico FR24,170
1980,Departure,2026-09-19T19:30,,,Cancelado,Santa Cruz Viru Viru (VVI),VVI,ROS → VVI,AR,Aerolíneas Argentinas,#467FBC,3,A,,Boeing 737-800,Boeing,B738,,,fids,4ace6771-53c7-4b20-8956-6baf93c22b9f,cache_modelo,modelo del cache,170
1509,Departure,2026-09-19T20:20,2026-09-19T21:17,,Despegó,Ezeiza (EZE),EZE,ROS → EZE,AR,Aerolíneas Argentinas,#467FBC,3,A,LV-GUC,Boeing 737-8SH,Boeing,B738,e07543,,fids+fr24,944f1556-b032-4537-99b3-ffbbe85c0c1d,real,histórico FR24,170
882,Arrival,2026-09-20T00:12,2026-09-19T23:47,,Aterrizó,Panamá (PTY),PTY,PTY → ROS,CM,Copa Airlines,#15349E,,,HP-9812CMP,Boeing 737-800,Boeing,B738,0c21dc,,fids+fr24,245e13bf-bcaa-4120-af25-1e20f9699330,historico,histórico FR24,160
7722,Arrival,2026-09-20T01:10,2026-09-20T01:03,,Aterrizó,Río de Janeiro (GIG),GIG,GIG → ROS,G3,GOL Linhas Aéreas,#E27B2E,,,,Boeing 737-800,Boeing,B738,,,fids+fr24,b4e3898f-5623-41bd-a8f0-f30c111e0754,cache_modelo,modelo del cache,186
836,Departure,2026-09-20T01:23,2026-09-20T01:23,,Despegó,Panamá (PTY),PTY,ROS → PTY,CM,Copa Airlines,#15349E,6,B,HP-9809CMP,Boeing 737-800,Boeing,B738,0c21b7,,fids+fr24,d21b8d13-3c76-436e-939b-4c0adcd97a19,historico,histórico FR24,160
7723,Departure,2026-09-20T02:10,2026-09-20T02:11,,Despegó,Río de Janeiro (GIG),GIG,ROS → GIG,G3,GOL Linhas Aéreas,#E27B2E,4,B,PS-GRB,Boeing 737-800,Boeing,B738,e49b52,,fids+fr24,ef46a073-8684-480c-9baf-4e28ab2ee322,historico,histórico FR24,186
899,Arrival,2026-09-20T03:47,2026-09-20T03:20,,Aterrizó,Panamá (PTY),PTY,PTY → ROS,CM,Copa Airlines,#15349E,,,HP-9805CMP,Boeing 737-800,Boeing,B738,0c21fa,,fids+fr24,d27b7584-ea53-45b3-b7c7-b5a0ecdaae65,historico,histórico FR24,160
897,Departure,2026-09-20T05:09,2026-09-20T05:19,,Despegó,Panamá (PTY),PTY,ROS → PTY,CM,Copa Airlines,#15349E,7,B,HP-9805CMP,Boeing 737-800,Boeing,B738,0c21a7,,fids+fr24,7a8dd33e-30dc-4050-a6f5-78b376e5d1be,historico,histórico FR24,160
2432,Arrival,2026-09-20T06:10,2026-09-20T06:13,,Aterrizó,Lima (LIM),LIM,LIM → ROS,LA,LATAM Airlines,#0B044E,,,CC-CPM,Airbus A319-132,Airbus,A319,e80260,,fids+fr24,e3dcd9e0-eccc-4c60-a4a2-40aa4ec42a88,real,,144
2433,Departure,2026-09-20T07:40,2026-09-20T07:39,,Despegó,Lima (LIM),LIM,ROS → LIM,LA,LATAM Airlines,#0B044E,7,B,CC-CPM,Airbus A319-132,Airbus,A319,e80260,,fids+fr24,279faa83-287e-4dba-b719-be15b7466898,real,,144
1712,Arrival,2026-09-20T09:35,2026-09-20T10:02,,Aterrizó,Aeroparque (AEP),AEP,AEP → ROS,AR,Aerolíneas Argentinas,#467FBC,,,LV-FQC,Boeing 737-86J,Boeing,B738,e06443,,fids+fr24,ac08795f-af03-4643-b638-071b781f9c85,real,,170
1713,Departure,2026-09-20T10:15,2026-09-20T10:44,,Despegó,Aeroparque (AEP),AEP,ROS → AEP,AR,Aerolíneas Argentinas,#467FBC,,,LV-FQC,Boeing 737-86J,Boeing,B738,e06443,,fids+fr24,11ac33d2-b883-49b9-a8a3-6c88851e35c0,real,,170
1714,Arrival,2026-09-20T14:30,2026-09-20T14:47,,Aterrizó,Aeroparque (AEP),AEP,AEP → ROS,AR,Aerolíneas Argentinas,#467FBC,,,LV-CHS,Embraer E190AR,Embraer,E190,e03213,Aerolineas Argentinas,fids+fr24,a484e57c-17f6-4df2-ac59-2036b43049de,real,,96
1715,Departure,2026-09-20T15:00,2026-09-20T15:25,,Despegó,Aeroparque (AEP),AEP,ROS → AEP,AR,Aerolíneas Argentinas,#467FBC,,,LV-CHS,Embraer E190AR,Embraer,E190,e03213,Aerolineas Argentinas,fids+fr24,447812fd-c999-4002-8fbd-6698382531c7,real,,96
1711,Arrival,2026-09-20T15:20,2026-09-20T15:19,,Aterrizó,Iguazú (IGR),IGR,IGR → ROS,AR,Aerolíneas Argentinas,#467FBC,,,LV-FRQ,Boeing 737-8BK,Boeing,B738,e06491,,fids+fr24,7c5cda2b-b414-4654-ba2d-2af5b6bdea1d,real,,170
1710,Departure,2026-09-20T16:00,2026-09-20T16:49,,Despegó,Iguazú (IGR),IGR,ROS → IGR,AR,Aerolíneas Argentinas,#467FBC,,,LV-FRQ,Boeing 737-8BK,Boeing,B738,e06491,,fids+fr24,89b88e7b-ba3d-4715-a934-e28290fce564,real,,170
1076,Arrival,2026-09-20T18:50,,,Programado,Aeroparque (AEP),AEP,AEP → ROS,AR,Aerolíneas Argentinas,#467FBC,,,,Boeing 737-800,Boeing,B738,,,fids,1039076d-7c25-4d63-895f-d3b634a0c0b8,cache_modelo,modelo del cache,170
1976,Departure,2026-09-20T19:30,,,Programado,Santa Cruz Viru Viru (VVI),VVI,ROS → VVI,AR,Aerolíneas Argentinas,#467FBC,,,,Boeing 737-800,Boeing,B738,,,fids,ac44ff2c-5b81-4c09-b370-07b15c3b644f,cache_modelo,modelo del cache,170
1718,Arrival,2026-09-20T21:50,2026-09-21T00:52,,Aterrizó,Aeroparque (AEP),AEP,AEP → ROS,AR,Aerolíneas Argentinas,#467FBC,,,LV-KNR,Boeing 737 MAX 8,BOEING,B38M,e0b392,Aerolineas Argentinas,fids+fr24,aedca8c9-0fbe-44f7-affb-2657e818e6ea,real,histórico FR24,170
1719,Departure,2026-09-20T22:30,2026-09-21T01:45,,Despegó,Aeroparque (AEP),AEP,ROS → AEP,AR,Aerolíneas Argentinas,#467FBC,3,A,LV-KNR,Boeing 737 MAX 8,Boeing,B38M,e0b392,Aerolineas Argentinas,fids+fr24,33bc90ca-e8f6-40f1-8551-cc3489489580,real,mismo avión que 1718 (ARR),170
882,Arrival,2026-09-21T00:12,2026-09-21T00:07,,Aterrizó,Panamá (PTY),PTY,PTY → ROS,CM,Copa Airlines,#15349E,,,HP-1833CMP,Boeing 737-800,Boeing,B738,0c2094,,fids+fr24,34a05f8d-fbb8-4022-9b8f-e0d39bba471b,historico,histórico FR24,160
836,Departure,2026-09-21T01:23,2026-09-21T01:38,,Despegó,Panamá (PTY),PTY,ROS → PTY,CM,Copa Airlines,#15349E,7,B,HP-9812CMP,Boeing 737-800,Boeing,B738,0c21dc,,fids+fr24,8d778009-7c81-4e36-b9c9-7841279f2377,historico,histórico FR24,160
1708,Arrival,2026-09-21T08:30,2026-09-21T08:26,,Aterrizó,Aeroparque (AEP),AEP,AEP → ROS,AR,Aerolíneas Argentinas,#467FBC,,,LV-CPK,Embraer E190AR,Embraer,E190,e0340b,,fids+fr24,049b3599-d3f5-443b-9070-bd88399333d9,real,,96
1709,Departure,2026-09-21T09:00,2026-09-21T09:08,,Despegó,Aeroparque (AEP),AEP,ROS → AEP,AR,Aerolíneas Argentinas,#467FBC,3,A,LV-CPK,Embraer E190AR,Embraer,E190,e0340b,,fids+fr24,80c557da-805e-4cfe-8cd9-c8c22d805975,real,,96
8170,Arrival,2026-09-21T11:40,2026-09-21T11:36,,Aterrizó,São Paulo (GRU),GRU,GRU → ROS,LA,LATAM Airlines,#0B044E,,,PR-TYK,Airbus A320-214,AIRBUS,A320,e490ed,LATAM Airlines,fids+fr24,b5d46615-f0d2-4bb1-b2a2-998405247912,real,,174
8171,Departure,2026-09-21T12:40,2026-09-21T12:49,,Despegó,São Paulo (GRU),GRU,ROS → GRU,LA,LATAM Airlines,#0B044E,7,B,PR-TYK,Airbus A320-214,AIRBUS,A320,e490ed,LATAM Airlines,fids+fr24,d8ef7033-bc22-4179-9dbe-01b61d37c2ec,real,,174
1714,Arrival,2026-09-21T14:30,2026-09-21T16:13,,Aterrizó,Aeroparque (AEP),AEP,AEP → ROS,AR,Aerolíneas Argentinas,#467FBC,,,LV-GOO,Boeing 737-7BD,Boeing,B737,e073cf,Aerolineas Argentinas,fids+fr24,a272b9be-5b9f-4ba3-9e73-111e1f81ecba,real,,137
1715,Departure,2026-09-21T15:00,,,Despegó,Aeroparque (AEP),AEP,ROS → AEP,AR,Aerolíneas Argentinas,#467FBC,3,A,LV-GOO,Boeing 737-7BD,Boeing,B737,e073cf,Aerolineas Argentinas,fids+fr24,cf38fb25-ba11-4762-a8d9-8cd6173557d5,real,,137
1080,Arrival,2026-09-21T18:50,2026-09-21T19:02,,Aterrizó,Aeroparque (AEP),AEP,AEP → ROS,AR,Aerolíneas Argentinas,#467FBC,,,LV-FUC,Boeing 737-8SH,Boeing,B738,e06543,,fids,7335aa8d-0ecb-450c-a3ca-692572ca5ca8,historico,histórico FR24,170
1080,Departure,2026-09-21T19:30,2026-09-21T20:00,,Despegó,Santa Cruz Viru Viru (VVI),VVI,ROS → VVI,AR,Aerolíneas Argentinas,#467FBC,6,B,LV-FUC,Boeing 737-8SH,Boeing,B738,e06543,,fids,18b11ca6-eb82-4cc1-b131-2c5726dcfb0e,historico,histórico FR24,170
1706,Arrival,2026-09-21T19:35,2026-09-21T20:38,,Aterrizó,Aeroparque (AEP),AEP,AEP → ROS,AR,Aerolíneas Argentinas,#467FBC,,,LV-CMB,Embraer E190AR,Embraer,E190,e03342,,fids+fr24,c3bf4b31-d246-4bfb-b411-6e9a7c97a7a3,real,histórico FR24,96
1707,Departure,2026-09-21T20:05,2026-09-21T21:15,,Despegó,Aeroparque (AEP),AEP,ROS → AEP,AR,Aerolíneas Argentinas,#467FBC,3,A,LV-CMB,Embraer E190AR,Embraer,E190,e03342,,fids+fr24,e7382092-6586-44c8-b4c6-ec727311a720,real,histórico FR24,96
882,Arrival,2026-09-22T00:12,2026-09-21T23:52,,Aterrizó,Panamá (PTY),PTY,PTY → ROS,CM,Copa Airlines,#15349E,,,HP-1836CMP,Boeing 737-800,Boeing,B738,0c20a4,,fids+fr24,fe3a4b28-4575-4dde-9085-ad976e2f6c67,historico,histórico FR24,160
836,Departure,2026-09-22T01:23,2026-09-22T01:34,,Despegó,Panamá (PTY),PTY,ROS → PTY,CM,Copa Airlines,#15349E,7,B,HP-1833CMP,Boeing 737-800,Boeing,B738,0c2094,,fids+fr24,9c3f9ba3-525a-41cc-9ea6-909b86404933,historico,histórico FR24,160
899,Arrival,2026-09-22T03:47,2026-09-22T03:26,,Aterrizó,Panamá (PTY),PTY,PTY → ROS,CM,Copa Airlines,#15349E,,,,Boeing 737-800,Boeing,B738,,,fids+fr24,ed23aa03-11e0-4b43-b39c-efc120c7f2a5,historico,histórico FR24,160
897,Departure,2026-09-22T05:09,2026-09-22T05:11,,Despegó,Panamá (PTY),PTY,ROS → PTY,CM,Copa Airlines,#15349E,6,B,HP-1831CMP,Boeing 737-800,Boeing,B738,0c208e,,fids+fr24,725af159-b920-48aa-9d9d-ad5a00fc53ce,historico,histórico FR24,160
2432,Arrival,2026-09-22T06:10,2026-09-22T06:10,,Aterrizó,Lima (LIM),LIM,LIM → ROS,LA,LATAM Airlines,#0B044E,,,CC-BJF,Airbus A320-214,Airbus,A320,e8027e,LATAM Airlines,fids+fr24,af8ba8ce-c63a-4900-aee6-1090c342c646,real,,174
1708,Arrival,2026-09-22T07:30,2026-09-22T08:05,,Aterrizó,Aeroparque (AEP),AEP,AEP → ROS,AR,Aerolíneas Argentinas,#467FBC,,,LV-FVN,Embraer E190AR,Embraer,E190,e0658e,,fids+fr24,8f0a493c-f09a-40f0-a955-1d0823878f60,real,corregido por matrícula (manual),96
2433,Departure,2026-09-22T07:40,2026-09-22T07:41,,Despegó,Lima (LIM),LIM,ROS → LIM,LA,LATAM Airlines,#0B044E,7,B,CC-BJF,Airbus A320-214,Airbus,A320,e8027e,LATAM Airlines,fids+fr24,ee743407-547e-419e-84f2-3c84ed079b59,real,,174
1709,Departure,2026-09-22T08:00,2026-09-22T08:48,,Despegó,Aeroparque (AEP),AEP,ROS → AEP,AR,Aerolíneas Argentinas,#467FBC,3,A,LV-FVN,Embraer E190AR,Embraer,E190,e0658e,,fids+fr24,8e154e2d-f066-4641-8c80-5509685aef94,real,corregido por matrícula (manual),96
1509,Arrival,2026-09-22T14:05,2026-09-22T13:54,,Aterrizó,Salta (SLA),SLA,SLA → ROS,AR,Aerolíneas Argentinas,#467FBC,,,LV-GOO,Boeing 737-7BD,,B737,e073cf,,fids+fr24,f07ea59a-d477-4fe6-af84-610767011ebc,historico,histórico FR24,137
1508,Departure,2026-09-22T14:45,2026-09-22T14:40,,Despegó,Salta (SLA),SLA,ROS → SLA,AR,Aerolíneas Argentinas,#467FBC,3,A,LV-GOO,Boeing 737-7BD,Embraer,B737,e073cf,,fids+fr24,bfd2eba2-3766-4017-8a7f-88a80009de8e,historico,histórico FR24,137
1706,Arrival,2026-09-22T19:20,2026-09-22T19:15,,Aterrizó,Aeroparque (AEP),AEP,AEP → ROS,AR,Aerolíneas Argentinas,#467FBC,,,LV-CKZ,Embraer E190AR,Embraer,E190,e032da,,fids+fr24,ddaece4c-5a46-44d7-8046-c1205d97780d,real,histórico FR24,96
1707,Departure,2026-09-22T19:50,2026-09-22T19:58,,Despegó,Aeroparque (AEP),AEP,ROS → AEP,AR,Aerolíneas Argentinas,#467FBC,3,A,LV-CKZ,Embraer E190AR,Embraer,E190,e032da,,fids+fr24,9ad0138b-7aaa-4076-98fa-1d2b8b4255c0,real,histórico FR24,96
882,Arrival,2026-09-23T00:12,2026-09-23T00:17,,Aterrizó,Panamá (PTY),PTY,PTY → ROS,CM,Copa Airlines,#15349E,,,HP-1716CMP,Boeing 737-800,Boeing,B738,0c205b,,fids+fr24,5067bb88-0969-4e7f-b2fa-723e509bca12,historico,histórico FR24,160
7722,Arrival,2026-09-23T01:10,2026-09-23T00:59,,Aterrizó,Río de Janeiro (GIG),GIG,GIG → ROS,G3,GOL Linhas Aéreas,#E27B2E,,,,Boeing 737-800,Boeing,B38M,,,fids+fr24,d6e3e5a7-78d3-4a37-84df-aade171e2095,cache_modelo,modelo del cache,186
836,Departure,2026-09-23T01:23,2026-09-23T01:34,,Despegó,Panamá (PTY),PTY,ROS → PTY,CM,Copa Airlines,#15349E,6,B,HP-1836CMP,Boeing 737-800,Boeing,B738,0c20a4,,fids+fr24,bb348e71-75f2-498f-b186-432be61221e6,historico,histórico FR24,160
7723,Departure,2026-09-23T02:10,2026-09-23T02:11,,Despegó,Río de Janeiro (GIG),GIG,ROS → GIG,G3,GOL Linhas Aéreas,#E27B2E,7,B,PS-GOL,Boeing 737 MAX 8,Boeing,B38M,e49eef,,fids+fr24,051cbd96-3618-4e4b-b070-5451bf8cd6e8,historico,histórico FR24,186
6676,Arrival,2026-09-23T02:33,2026-09-23T05:54,2026-09-23T05:40,Aterrizó,Punta Cana (PUJ),PUJ,PUJ → ROS,DM,Arajet,#482C72,,,,Boeing 737 MAX 8,,B38M,,,fids+fr24,9763d6ec-a93c-49aa-bceb-a2e08fe5f97d,cache_modelo,modelo del cache,185
6677,Departure,2026-09-23T03:39,2026-09-23T07:27,2026-09-23T06:40,Despegó,Punta Cana (PUJ),PUJ,ROS → PUJ,DM,Arajet,#482C72,7,B,HI1134,Boeing 737 MAX 8,Boeing,B38M,0c43b1,,fids+fr24,accb7649-26c3-4c94-b4c1-6fc656bbdf9a,historico,histórico FR24,185
2432,Arrival,2026-09-23T06:10,2026-09-23T06:29,,Aterrizó,Lima (LIM),LIM,LIM → ROS,LA,LATAM Airlines,#0B044E,,,CC-BLK,Airbus A320-214,Airbus,A320,e8047b,LATAM Airlines,fids+fr24,c9229908-4e5c-4551-b223-b60a1d910979,real,,174
1708,Arrival,2026-09-23T07:30,2026-09-23T07:23,,Aterrizó,Aeroparque (AEP),AEP,AEP → ROS,AR,Aerolíneas Argentinas,#467FBC,,,LV-CET,Embraer E190AR,Embraer,E190,e03154,,fids+fr24,551e9a85-9c4f-4123-a5a2-8edb3b64f6e4,real,,96
2433,Departure,2026-09-23T07:40,2026-09-23T07:51,,Despegó,Lima (LIM),LIM,ROS → LIM,LA,LATAM Airlines,#0B044E,6,B,CC-BLK,Airbus A320-214,Airbus,A320,e8047b,LATAM Airlines,fids+fr24,f0c3ce5d-1574-47e6-8094-f958437cce01,real,,174
1709,Departure,2026-09-23T08:00,2026-09-23T08:06,,Despegó,Aeroparque (AEP),AEP,ROS → AEP,AR,Aerolíneas Argentinas,#467FBC,3,A,LV-CET,Embraer E190AR,Embraer,E190,e03154,,fids+fr24,c4ab5244-e96a-4f35-84f8-edc9fa284cb1,real,,96
1710,Arrival,2026-09-23T08:35,2026-09-23T08:18,,Aterrizó,Aeroparque (AEP),AEP,AEP → ROS,AR,Aerolíneas Argentinas,#467FBC,,,LV-HKW,Boeing 737 MAX 8,BOEING,B38M,e082d7,,fids+fr24,e324463b-7e05-41ea-8914-f4916388afac,real,,170
1705,Departure,2026-09-23T09:15,2026-09-23T09:05,,Despegó,Bariloche (BRC),BRC,ROS → BRC,AR,Aerolíneas Argentinas,#467FBC,3,A,LV-HKW,Boeing 737 MAX 8,BOEING,B38M,e082d7,,fids+fr24,d817ffab-6e08-422a-a995-dd508b418f7d,real,,170
8170,Arrival,2026-09-23T11:40,2026-09-23T11:30,,Aterrizó,São Paulo (GRU),GRU,GRU → ROS,LA,LATAM Airlines,#0B044E,,,PR-XBB,Airbus A320neo,Airbus,A20N,e4944f,LATAM Airlines,fids+fr24,fa11c402-2bea-4bc8-a12e-31685163d5df,historico,histórico FR24,174
1704,Arrival,2026-09-23T12:00,2026-09-23T11:51,,Aterrizó,Bariloche (BRC),BRC,BRC → ROS,AR,Aerolíneas Argentinas,#467FBC,,,LV-KNQ,Boeing 737 MAX 8,Boeing,B38M,e0b391,,fids+fr24,8e3f3883-3375-4e0e-aa6a-85416a4c4ca9,real,,170
1715,Departure,2026-09-23T12:40,2026-09-23T12:44,,Despegó,Aeroparque (AEP),AEP,ROS → AEP,AR,Aerolíneas Argentinas,#467FBC,3,A,LV-KNQ,Boeing 737 MAX 8,Boeing,B38M,e0b391,Aerolineas Argentinas,fids+fr24,97815fa2-caf5-4564-a6e3-7892a099828b,real,,170
8171,Departure,2026-09-23T12:40,2026-09-23T12:49,,Despegó,São Paulo (GRU),GRU,ROS → GRU,LA,LATAM Airlines,#0B044E,7,B,PR-XBB,Airbus A320neo,Airbus,A20N,e4944f,LATAM Airlines,fids+fr24,1fa26989-f616-4918-b02b-96a2186daa41,historico,histórico FR24,174
1706,Arrival,2026-09-23T19:00,2026-09-23T19:22,,Aterrizó,Aeroparque (AEP),AEP,AEP → ROS,AR,Aerolíneas Argentinas,#467FBC,,,LV-CPK,Embraer E190AR,Embraer,E190,e0340b,,fids+fr24,9a6c108d-ffa3-4a25-8cd0-010755b588c9,real,histórico FR24,96
1707,Departure,2026-09-23T19:40,2026-09-23T20:08,,Despegó,Aeroparque (AEP),AEP,ROS → AEP,AR,Aerolíneas Argentinas,#467FBC,3,A,LV-CPK,Embraer E190AR,Embraer,E190,e0340b,,fids+fr24,586d6d59-1571-43ad-b7d8-211050522f1d,real,histórico FR24,96
882,Arrival,2026-09-24T00:12,2026-09-24T00:18,,Aterrizó,Panamá (PTY),PTY,PTY → ROS,CM,Copa Airlines,#15349E,,,HP-1833CMP,Boeing 737-800,Boeing,B738,0c2094,,fids+fr24,dc83a608-9b50-4672-a0d4-8e8f9a06d1c6,historico,histórico FR24,160
836,Departure,2026-09-24T01:23,2026-09-24T01:36,,Despegó,Panamá (PTY),PTY,ROS → PTY,CM,Copa Airlines,#15349E,7,B,HP-1716CMP,Boeing 737-8V3,Boeing,B738,0c205b,,fids+fr24,62acb8d9-ca1e-42c8-9176-87962cbc71b8,historico,histórico FR24,160
1708,Arrival,2026-09-24T07:40,2026-09-24T07:38,,Aterrizó,Aeroparque (AEP),AEP,AEP → ROS,AR,Aerolíneas Argentinas,#467FBC,,,LV-CEV,Embraer E190AR,Embraer,E190,e03156,,fids+fr24,020f6073-038a-415a-9687-2a7b32c07fa8,real,modelo del cache,96
1709,Departure,2026-09-24T08:00,2026-09-24T08:20,,Despegó,Aeroparque (AEP),AEP,ROS → AEP,AR,Aerolíneas Argentinas,#467FBC,3,A,LV-CEV,Embraer E190AR,Embraer,E190,e03156,,fids+fr24,842b044c-2643-4604-9526-2ed2e26f54ca,real,modelo del cache,96
1714,Arrival,2026-09-24T13:35,2026-09-24T13:37,,Aterrizó,Aeroparque (AEP),AEP,AEP → ROS,AR,Aerolíneas Argentinas,#467FBC,,,LV-FPS,Embraer E190AR,Embraer,E190,e06413,Aerolineas Argentinas,fids+fr24,595cc328-253c-4542-a971-98268523448b,real,,96
1715,Departure,2026-09-24T14:05,2026-09-24T14:23,,Despegó,Aeroparque (AEP),AEP,ROS → AEP,AR,Aerolíneas Argentinas,#467FBC,3,A,LV-FPS,Embraer E190AR,Embraer,E190,e06413,Aerolineas Argentinas,fids+fr24,45a931cf-f3b7-4a2b-87a5-50ea00eb9ad1,real,,96
1711,Arrival,2026-09-24T14:25,2026-09-24T14:11,,Aterrizó,Iguazú (IGR),IGR,IGR → ROS,AR,Aerolíneas Argentinas,#467FBC,,,LV-BYY,Embraer E190AR,Embraer,E190,e02659,,fids+fr24,28e86896-347e-4d88-8d2c-7c649f9168c1,real,corregido por matrícula (manual),96
1710,Departure,2026-09-24T15:30,2026-09-24T15:09,,Despegó,Iguazú (IGR),IGR,ROS → IGR,AR,Aerolíneas Argentinas,#467FBC,3,A,LV-BYY,Embraer E190AR,Embraer,E190,e02659,,fids+fr24,895c70f7-9a10-4db2-a14c-f5f854c38a66,real,corregido por matrícula (manual),96
1070,Arrival,2026-09-24T17:30,,,En horario,Aeroparque (AEP),AEP,AEP → ROS,AR,Aerolíneas Argentinas,#467FBC,,,,Boeing 737-800,Boeing,B738,,,fids,4e311725-d6fc-4c9f-a158-9eac802c4cf0,cache_modelo,modelo del cache,170
1970,Departure,2026-09-24T18:45,,,En horario,SDE (SDE),SDE,ROS → SDE,AR,Aerolíneas Argentinas,#467FBC,,,,Boeing 737-800,Boeing,B738,,,fids,fddc655a-25c7-4e72-b096-746a194b9930,cache_modelo,modelo del cache,170
1718,Arrival,2026-09-24T19:30,2026-09-24T19:44,,Aterrizó,Aeroparque (AEP),AEP,AEP → ROS,AR,Aerolíneas Argentinas,#467FBC,,,LV-FPS,Embraer E190AR,Embraer,E190,e06413,Aerolineas Argentinas,fids+fr24,219a6eaa-90d3-47c7-adf5-fda8b416fe41,real,histórico FR24,96
1719,Departure,2026-09-24T20:00,2026-09-24T20:42,,Despegó,Ezeiza (EZE),EZE,ROS → EZE,AR,Aerolíneas Argentinas,#467FBC,,,LV-FPS,Embraer E190AR,Embraer,E190,e06413,Aerolineas Argentinas,fids+fr24,a4e38d7a-549e-4498-b688-f42a04f016ce,real,histórico FR24,96
882,Arrival,2026-09-25T00:12,2026-09-25T00:24,,Aterrizó,Panamá (PTY),PTY,PTY → ROS,CM,Copa Airlines,#15349E,,,HP-1719CMP,Boeing 737-800,Boeing,B738,0c205e,,fids+fr24,5696f880-67ce-4e01-8030-bd0900508b80,historico,histórico FR24,160
7722,Arrival,2026-09-25T01:10,2026-09-25T01:14,,Aterrizó,Río de Janeiro (GIG),GIG,GIG → ROS,G3,GOL Linhas Aéreas,#E27B2E,,,,Boeing 737-800,Boeing,B738,,,fids+fr24,b0d19960-9cd0-454f-b92a-f854cf399966,cache_modelo,modelo del cache,186
836,Departure,2026-09-25T01:23,2026-09-25T01:46,,Despegó,Panamá (PTY),PTY,ROS → PTY,CM,Copa Airlines,#15349E,,,HP-1833CMP,Boeing 737-8V3,Boeing,B738,0c2094,,fids+fr24,8cae6874-061f-4474-8a36-48e4e2ac5f11,historico,histórico FR24,160
7723,Departure,2026-09-25T02:10,2026-09-25T02:20,,Despegó,Río de Janeiro (GIG),GIG,ROS → GIG,G3,GOL Linhas Aéreas,#E27B2E,7,B,PR-XMH,Boeing 737-800,Boeing,B738,e494bb,,fids+fr24,5dac6b39-85d6-46db-a6db-2efea5094d65,historico,histórico FR24,186
6676,Arrival,2026-09-25T02:33,2026-09-25T02:25,,Aterrizó,Punta Cana (PUJ),PUJ,PUJ → ROS,DM,Arajet,#482C72,,,,Boeing 737 MAX 8,,B38M,,,fids+fr24,8bef0313-bcc2-4c53-aaac-3c95632f855d,cache_modelo,modelo del cache,185
6677,Departure,2026-09-25T03:39,2026-09-25T03:51,,Despegó,Punta Cana (PUJ),PUJ,ROS → PUJ,DM,Arajet,#482C72,7,B,HI1140,Boeing 737 MAX 8,Boeing,B38M,0c43b7,,fids+fr24,206b9231-9660-49d5-ad89-f164405f3053,historico,histórico FR24,185
899,Arrival,2026-09-25T03:47,2026-09-25T03:33,,Aterrizó,Panamá (PTY),PTY,PTY → ROS,CM,Copa Airlines,#15349E,,,HP-1834CMP,Boeing 737-8V3,Boeing,B738,0c2095,,fids+fr24,1a7e4480-a82b-4164-8d19-8afc59d30eac,historico,histórico FR24,160
897,Departure,2026-09-25T05:09,2026-09-25T05:00,,Despegó,Panamá (PTY),PTY,ROS → PTY,CM,Copa Airlines,#15349E,6,B,HP-9820CMP,Boeing 737 MAX 8,Boeing,B38M,0c21fc,,fids+fr24,30039539-8654-46fa-88dd-955e29550694,historico,histórico FR24,166
2432,Arrival,2026-09-25T06:10,2026-09-25T06:43,,Aterrizó,Lima (LIM),LIM,LIM → ROS,LA,LATAM Airlines,#0B044E,,,CC-COY,Airbus A319-132,Airbus,A319,e80251,LATAM Airlines,fids+fr24,59943929-adc5-4c14-a484-f594c273a5ab,real,,144
1708,Arrival,2026-09-25T07:30,2026-09-25T07:23,,Aterrizó,Aeroparque (AEP),AEP,AEP → ROS,AR,Aerolíneas Argentinas,#467FBC,,,LV-CEV,Embraer E190AR,Embraer,E190,e03156,,fids+fr24,2f6680ce-f24d-46fc-8b35-319b4c18624e,real,,96
1070,Arrival,2026-09-25T07:30,2026-09-25T07:27,,Aterrizó,Aeroparque (AEP),AEP,AEP → ROS,AR,Aerolíneas Argentinas,#467FBC,,,LV-CIH,Embraer E190AR,Boeing,E190,e03248,,fids+fr24,826ac363-c18b-4d05-aad1-ac69ff30a039,historico,histórico FR24,96
2433,Departure,2026-09-25T07:40,2026-09-25T08:06,,Despegó,Lima (LIM),LIM,ROS → LIM,LA,LATAM Airlines,#0B044E,7,B,CC-COY,Airbus A319-132,Airbus,A319,e80251,LATAM Airlines,fids+fr24,3bc089f2-1133-47dd-99b1-c5771b266f3c,real,,144
1709,Departure,2026-09-25T08:00,2026-09-25T08:07,,Despegó,Aeroparque (AEP),AEP,ROS → AEP,AR,Aerolíneas Argentinas,#467FBC,3,A,LV-CEV,Embraer E190AR,Embraer,E190,e03156,,fids+fr24,181b645c-3254-4622-ae76-4a0d55f9470d,real,,96
1970,Departure,2026-09-25T08:00,2026-09-25T08:25,,Despegó,SDE (SDE),SDE,ROS → SDE,AR,Aerolíneas Argentinas,#467FBC,3,A,,Boeing 737-800,Boeing,B738,,,fids+fr24,fe1f0f8c-4c36-4bf1-ac29-183346018b62,cache_modelo,modelo del cache,170
1704,Arrival,2026-09-25T09:40,2026-09-25T09:38,,Aterrizó,Bariloche (BRC),BRC,BRC → ROS,AR,Aerolíneas Argentinas,#467FBC,,,LV-FUC,Boeing 737-8SH,Boeing,B738,e06543,,fids+fr24,da2d38db-fabe-4524-99dc-6a4bb4243373,real,,170
1715,Departure,2026-09-25T10:20,2026-09-25T10:35,,Despegó,Aeroparque (AEP),AEP,ROS → AEP,AR,Aerolíneas Argentinas,#467FBC,3,A,LV-FUC,Boeing 737-8SH,Boeing,B738,e06543,Aerolineas Argentinas,fids+fr24,6da17ed0-dfa9-40aa-ba0b-e1b3616ed9c6,real,,170
8170,Arrival,2026-09-25T11:40,2026-09-25T11:45,,Aterrizó,São Paulo (GRU),GRU,GRU → ROS,LA,LATAM Airlines,#0B044E,,,PR-XBO,Airbus A320neo,Airbus,A20N,e49aaa,LATAM Airlines,fids+fr24,9b8e7e40-11d9-4f68-88bc-3783609bf25d,historico,histórico FR24,174
8171,Departure,2026-09-25T12:40,2026-09-25T12:50,,Despegó,São Paulo (GRU),GRU,ROS → GRU,LA,LATAM Airlines,#0B044E,7,B,PR-XBO,Airbus A320neo,Airbus,A20N,e49aaa,LATAM Airlines,fids+fr24,63a6a347-52ef-4b7f-b2c3-8ac0e19b6b97,historico,histórico FR24,174
1716,Arrival,2026-09-25T16:45,2026-09-25T16:53,,Aterrizó,Aeroparque (AEP),AEP,AEP → ROS,AR,Aerolíneas Argentinas,#467FBC,,,LV-GVC,Boeing 737-887,Boeing,B738,e07583,,fids+fr24,b7743541-b681-4317-801c-61b1be0a17ef,real,,170
1705,Departure,2026-09-25T17:15,2026-09-25T17:51,,Despegó,Bariloche (BRC),BRC,ROS → BRC,AR,Aerolíneas Argentinas,#467FBC,3,A,LV-GVC,Boeing 737-887,Boeing,B738,e07583,,fids+fr24,219933e6-a79d-4e5e-8c28-57d08089105d,real,histórico FR24,170
1082,Arrival,2026-09-25T18:50,,,En horario,Aeroparque (AEP),AEP,AEP → ROS,AR,Aerolíneas Argentinas,#467FBC,,,,Boeing 737-800,Boeing,B738,,,fids,926bebc8-c8dc-43ba-85f0-da930699b93e,cache_modelo,modelo del cache,170
1982,Departure,2026-09-25T19:30,,,Programado,Santa Cruz Viru Viru (VVI),VVI,ROS → VVI,AR,Aerolíneas Argentinas,#467FBC,3,A,,Boeing 737-800,Boeing,B738,,,fids,89878edf-7385-41c1-b84f-2f57b14d15f5,cache_modelo,modelo del cache,170
1712,Arrival,2026-09-25T19:55,2026-09-25T19:55,,Aterrizó,Aeroparque (AEP),AEP,AEP → ROS,AR,Aerolíneas Argentinas,#467FBC,,,LV-CPK,Embraer E190AR,Embraer,E190,e0340b,,fids+fr24,bbe1dac1-8bc7-4445-afb2-9f9596ba48a4,real,histórico FR24,96
1713,Departure,2026-09-25T20:25,2026-09-25T20:33,,Despegó,Aeroparque (AEP),AEP,ROS → AEP,AR,Aerolíneas Argentinas,#467FBC,3,A,LV-CPK,Embraer E190AR,Embraer,E190,e0340b,,fids+fr24,fe68895f-0e7d-4538-b17f-bd521d06e0e3,real,histórico FR24,96
1071,Departure,2026-09-26T00:05,,,Programado,Aeroparque (AEP),AEP,ROS → AEP,AR,Aerolíneas Argentinas,#467FBC,,,,Boeing 737-800,Boeing,B738,,,fids,1fbde477-6fa4-4375-83cc-b221b8402d53,cache_modelo,modelo del cache,170
882,Arrival,2026-09-26T00:12,2026-09-26T00:18,,Aterrizó,Panamá (PTY),PTY,PTY → ROS,CM,Copa Airlines,#15349E,,,HP-1727CMP,Boeing 737-800,Boeing,B738,0c2069,,fids+fr24,b2cd1f41-439f-4e6f-b229-8a858120f008,historico,histórico FR24,160
1820,Arrival,2026-09-26T00:20,2026-09-26T00:13,,Aterrizó,Asuncion (ASU),ASU,ASU → ROS,ZP,Paranair,#BC2C2E,,,,Bombardier CRJ-200,Bombardier,CRJ2,,,fids+fr24,9b3264a4-f626-40a0-956f-b81e0df8e048,historico,histórico FR24,50
2821,Departure,2026-09-26T01:00,2026-09-26T01:50,,Despegó,Asuncion (ASU),ASU,ROS → ASU,ZP,Paranair,#BC2C2E,7,B,ZP-CRT,Mitsubishi CRJ-200LR,,CRJ2,e88100,,fids+fr24,29784851-81b0-4a58-a51e-bfc070ba115e,historico,histórico FR24,50
836,Departure,2026-09-26T01:23,2026-09-26T01:44,,Despegó,Panamá (PTY),PTY,ROS → PTY,CM,Copa Airlines,#15349E,6,B,HP-1719CMP,Boeing 737-8V3,Boeing,B738,0c205e,,fids+fr24,3d6f6f43-a613-4b92-9b0f-82df52660660,historico,histórico FR24,160
899,Arrival,2026-09-26T03:47,2026-09-26T03:43,,Aterrizó,Panamá (PTY),PTY,PTY → ROS,CM,Copa Airlines,#15349E,,,HP-1832CMP,Boeing 737-8V3,Boeing,B738,0c2095,,fids+fr24,6b9aa893-ce33-4388-87d5-dd3ee3c401eb,historico,histórico FR24,160
897,Departure,2026-09-26T05:09,2026-09-26T05:09,,Despegó,Panamá (PTY),PTY,ROS → PTY,CM,Copa Airlines,#15349E,6,B,HP-1834CMP,Boeing 737-800,Boeing,B738,0c2095,,fids+fr24,af5e279f-e63b-4033-b0f9-f60c7e9e069e,historico,histórico FR24,160
1060,Arrival,2026-09-26T07:35,2026-09-26T07:11,,Aterrizó,Aeroparque (AEP),AEP,AEP → ROS,AR,Aerolíneas Argentinas,#467FBC,,,,Boeing 737-800,Boeing,B738,,,fids,f5b1703b-27da-49dc-b6c1-36a36efe8ba8,cache_modelo,modelo del cache,170
1970,Departure,2026-09-26T08:05,2026-09-26T07:49,,Despegó,SDE (SDE),SDE,ROS → SDE,AR,Aerolíneas Argentinas,#467FBC,,,,Boeing 737-800,Boeing,B738,,,fids,61db275f-b069-428e-9f0a-4e3f1316c8a6,cache_modelo,modelo del cache,170
1080,Arrival,2026-09-26T08:30,2026-09-26T07:52,,Aterrizó,Aeroparque (AEP),AEP,AEP → ROS,AR,Aerolíneas Argentinas,#467FBC,,,,Boeing 737-8SH,Boeing,B738,,,fids,78468b3e-69cd-463e-9b36-ac7bb5beb010,cache_modelo,modelo del cache,170
1978,Departure,2026-09-26T09:00,2026-09-26T08:41,,Despegó,SDE (SDE),SDE,ROS → SDE,AR,Aerolíneas Argentinas,#467FBC,,,,Boeing 737-800,Boeing,B738,,,fids,ebaf132f-d97d-483b-b7e7-ffbdbd15a260,cache_modelo,modelo del cache,170
1708,Arrival,2026-09-26T09:15,2026-09-26T09:20,,Aterrizó,Ezeiza (EZE),EZE,EZE → ROS,AR,Aerolíneas Argentinas,#467FBC,,,LV-CIE,Embraer E190AR,Embraer,E190,e03245,,fids+fr24,003169df-9b5f-4e3d-8a39-00865b7b0782,real,,96
1074,Arrival,2026-09-26T09:20,2026-09-26T09:09,,Aterrizó,Aeroparque (AEP),AEP,AEP → ROS,AR,Aerolíneas Argentinas,#467FBC,,,,Boeing 737-800,Boeing,B738,,,fids,690909fe-75f8-4f39-9c21-d8e31c2dc2d9,cache_modelo,modelo del cache,170
1709,Departure,2026-09-26T09:55,2026-09-26T10:14,,Despegó,Aeroparque (AEP),AEP,ROS → AEP,AR,Aerolíneas Argentinas,#467FBC,3,A,LV-CIE,Embraer E190AR,Embraer,E190,e03245,,fids+fr24,cd91d25d-62de-47ea-b47f-d95c00c58b26,real,,96
1974,Departure,2026-09-26T10:00,2026-09-26T10:36,,Despegó,SDE (SDE),SDE,ROS → SDE,AR,Aerolíneas Argentinas,#467FBC,3,A,,Boeing 737-800,Boeing,B738,,,fids,5de84f28-8174-4c23-8d69-b39ac9969c84,cache_modelo,modelo del cache,170
1508,Arrival,2026-09-26T11:25,2026-09-26T11:25,,Aterrizó,Aeroparque (AEP),AEP,AEP → ROS,AR,Aerolíneas Argentinas,#467FBC,,,LV-CHR,Embraer E190AR,Embraer,E190,e03212,,fids+fr24,8f7956de-41a3-42c0-b286-ffb6aafe7a78,real,,96
8170,Arrival,2026-09-26T11:40,2026-09-26T11:56,,Aterrizó,São Paulo (GRU),GRU,GRU → ROS,LA,LATAM Airlines,#0B044E,,,PR-MHK,Airbus A320-214,Airbus,A320,e48053,LATAM Airlines,fids+fr24,75746145-748f-4933-a7bc-d319af4d039a,real,,174
1508,Departure,2026-09-26T11:55,2026-09-26T12:08,,Despegó,Salta (SLA),SLA,ROS → SLA,AR,Aerolíneas Argentinas,#467FBC,3,A,LV-CHR,Embraer E190AR,Embraer,E190,e03212,,fids+fr24,23c3a112-1de6-408f-8fd4-511f9e777f80,real,,96
8171,Departure,2026-09-26T12:40,2026-09-26T12:55,,Despegó,São Paulo (GRU),GRU,ROS → GRU,LA,LATAM Airlines,#0B044E,7,B,PR-MHK,Airbus A320-214,Airbus,A320,e48053,LATAM Airlines,fids+fr24,a4ba7bb3-4747-4a91-be64-4da0f491dba0,real,,174
1714,Arrival,2026-09-26T14:20,2026-09-26T14:34,,Aterrizó,Aeroparque (AEP),AEP,AEP → ROS,AR,Aerolíneas Argentinas,#467FBC,,,LV-CHQ,Embraer E190AR,Embraer,E190,e03211,Aerolineas Argentinas,fids+fr24,e28ed778-5237-4b6b-aed3-866439e88fe4,real,,96
1715,Departure,2026-09-26T14:50,2026-09-26T15:09,,Despegó,Aeroparque (AEP),AEP,ROS → AEP,AR,Aerolíneas Argentinas,#467FBC,3,A,LV-CHQ,Embraer E190AR,Embraer,E190,e03211,Aerolineas Argentinas,fids+fr24,cf53a1ab-58e6-464f-9a09-63d83d42b106,real,,96
1972,Arrival,2026-09-26T15:30,2026-09-26T15:44,,Aterrizó,Ezeiza (EZE),EZE,EZE → ROS,AR,Aerolíneas Argentinas,#467FBC,,,,Boeing 737-800,Boeing,B738,,,fids,a4721cec-3135-40b5-a7a1-3394dc588df8,cache_modelo,modelo del cache,170
1085,Departure,2026-09-26T16:00,2026-09-26T16:18,,Despegó,Aeroparque (AEP),AEP,ROS → AEP,AR,Aerolíneas Argentinas,#467FBC,3,A,LV-CEU,Embraer E190AR,Boeing,E190,e03155,,fids,f271ce56-35c5-4f2b-aed6-d5bf8eccdb0d,historico,histórico FR24,96
1082,Arrival,2026-09-26T18:50,2026-09-26T19:14,,Aterrizó,Ezeiza (EZE),EZE,EZE → ROS,AR,Aerolíneas Argentinas,#467FBC,,,LV-GVD,Boeing 737 MAX 8,Boeing,B38M,e07584,,fids,ffad45ff-82ce-4e40-bb9b-a5c3ea3a8728,historico,histórico FR24,170
1509,Arrival,2026-09-26T19:30,2026-09-26T19:14,,Aterrizó,Salta (SLA),SLA,SLA → ROS,AR,Aerolíneas Argentinas,#467FBC,,,LV-FVN,Embraer E190AR,Embraer,E190,e0658e,,fids+fr24,0632cc3c-bcc8-486e-b7d9-4ff017a4ac4b,real,histórico FR24,96
1982,Departure,2026-09-26T19:30,2026-09-26T21:08,,Despegó,Santa Cruz Viru Viru (VVI),VVI,ROS → VVI,AR,Aerolíneas Argentinas,#467FBC,7,B,LV-GVD,Boeing 737 MAX 8,Boeing,B38M,e07584,,fids,b4b29b5f-e329-479a-b0c8-d3cbc19f8ef2,historico,histórico FR24,170
1509,Departure,2026-09-26T20:20,2026-09-26T20:16,,Despegó,Ezeiza (EZE),EZE,ROS → EZE,AR,Aerolíneas Argentinas,#467FBC,3,A,LV-FVN,Embraer E190AR,Embraer,E190,e0658e,,fids+fr24,3e06338c-c9da-4d82-94c5-9d462707798a,real,histórico FR24,96
1971,Arrival,2026-09-26T23:35,2026-09-26T23:04,,Aterrizó,SDE (SDE),SDE,SDE → ROS,AR,Aerolíneas Argentinas,#467FBC,,,,Boeing 737-800,Boeing,B738,,,fids,e7b621a6-99a4-47b5-8211-206da335c304,cache_modelo,modelo del cache,170
1071,Departure,2026-09-27T00:05,2026-09-26T23:47,,Despegó,Aeroparque (AEP),AEP,ROS → AEP,AR,Aerolíneas Argentinas,#467FBC,3,A,,Boeing 737-800,Boeing,B738,,,fids,1fbde477-6fa4-4375-83cc-b221b8402d53,cache_modelo,modelo del cache,170
882,Arrival,2026-09-27T00:12,2026-09-27T00:27,,Aterrizó,Panamá (PTY),PTY,PTY → ROS,CM,Copa Airlines,#15349E,,,HP-9803CMP,Boeing 737-800,Boeing,B738,0c21a5,,fids+fr24,ed4ef1c2-6f85-419c-ae9c-d5574149889f,historico,histórico FR24,160
1975,Arrival,2026-09-27T01:05,2026-09-27T00:59,,Aterrizó,SDE (SDE),SDE,SDE → ROS,AR,Aerolíneas Argentinas,#467FBC,,,,Boeing 737-800,Boeing,B738,,,fids,54485abc-1ee4-4d21-87a0-1b0b271de4a6,cache_modelo,modelo del cache,170
7722,Arrival,2026-09-27T01:10,2026-09-27T01:37,,Aterrizó,Río de Janeiro (GIG),GIG,GIG → ROS,G3,GOL Linhas Aéreas,#E27B2E,,,,Boeing 737-800,Boeing,B738,,,fids+fr24,47810521-5002-4cc4-918c-a65b4d3fff7d,cache_modelo,modelo del cache,186
836,Departure,2026-09-27T01:23,2026-09-27T01:47,,Despegó,Panamá (PTY),PTY,ROS → PTY,CM,Copa Airlines,#15349E,6,B,HP-1727CMP,Boeing 737-8V3,Boeing,B738,0c2069,,fids+fr24,2012b9ab-c3e0-4913-a38d-7e98ac84d077,historico,histórico FR24,160
1076,Departure,2026-09-27T01:45,2026-09-27T01:42,,Despegó,Aeroparque (AEP),AEP,ROS → AEP,AR,Aerolíneas Argentinas,#467FBC,3,A,,Boeing 737-800,Boeing,B738,,,fids,842dbc54-45b5-478f-affa-16683aaafdb1,cache_modelo,modelo del cache,170
7723,Departure,2026-09-27T02:10,2026-09-27T02:49,,Despegó,Río de Janeiro (GIG),GIG,ROS → GIG,G3,GOL Linhas Aéreas,#E27B2E,7,B,PR-GUT,Boeing 737-800,Boeing,B738,e48c05,,fids+fr24,3bab7538-9958-445e-b958-0bf234baa226,historico,histórico FR24,186
1971,Arrival,2026-09-27T02:20,2026-09-27T02:12,,Aterrizó,SDE (SDE),SDE,SDE → ROS,AR,Aerolíneas Argentinas,#467FBC,,,,Boeing 737-800,Boeing,B738,,,fids,e76ed81a-21d9-4ad4-a684-725cb12c97a5,cache_modelo,modelo del cache,170
1079,Departure,2026-09-27T02:50,2026-09-27T02:54,,Despegó,Aeroparque (AEP),AEP,ROS → AEP,AR,Aerolíneas Argentinas,#467FBC,3,A,LV-FUB,Boeing 737-8HX,Boeing,B738,e06542,,fids,72f49c5d-6c00-42fe-9e5f-7196439071be,historico,histórico FR24,170
1979,Arrival,2026-09-27T03:05,2026-09-27T02:47,,Aterrizó,SDE (SDE),SDE,SDE → ROS,AR,Aerolíneas Argentinas,#467FBC,,,LV-CDY,Embraer E190AR,Boeing,E190,e03119,,fids,6a48d35b-87eb-49a0-b8e0-16bc026df223,historico,histórico FR24,96
1061,Departure,2026-09-27T03:35,2026-09-27T03:21,,Despegó,Aeroparque (AEP),AEP,ROS → AEP,AR,Aerolíneas Argentinas,#467FBC,3,A,LV-CDY,Embraer E190AR,Boeing,E190,e03119,,fids,7e0bc1c9-4367-4af5-9216-b1061ef23c75,historico,histórico FR24,96
899,Arrival,2026-09-27T03:47,2026-09-27T03:34,,Aterrizó,Panamá (PTY),PTY,PTY → ROS,CM,Copa Airlines,#15349E,,,HP-1832CMP,Boeing 737-8V3,Boeing,B738,0c2095,,fids+fr24,dae69b7a-ab04-4397-a01f-c93cc356dfd3,cache,cache local,160
897,Departure,2026-09-27T05:09,2026-09-27T05:48,,Despegó,Panamá (PTY),PTY,ROS → PTY,CM,Copa Airlines,#15349E,7,B,HP-1832CMP,Boeing 737-8V3,Boeing,B738,0c2093,,fids+fr24,f9e5c275-03e9-4c70-a89e-63a4bef52c28,historico,histórico FR24,160
2432,Arrival,2026-09-27T06:10,2026-09-27T06:04,,Aterrizó,Lima (LIM),LIM,LIM → ROS,LA,LATAM Airlines,#0B044E,,,CC-CQK,Airbus A319-132,Airbus,A319,e8020b,LATAM Airlines,fids+fr24,2187dcac-5c8a-428a-a3ae-f03a62b42a3e,real,,144
2433,Departure,2026-09-27T07:40,2026-09-27T07:38,,Despegó,Lima (LIM),LIM,ROS → LIM,LA,LATAM Airlines,#0B044E,7,B,CC-CQK,Airbus A319-132,Airbus,A319,e8020b,LATAM Airlines,fids+fr24,3befccfe-022a-4a85-a542-5747ba7a949f,real,,144
1712,Arrival,2026-09-27T11:05,2026-09-27T11:33,,Aterrizó,Aeroparque (AEP),AEP,AEP → ROS,AR,Aerolíneas Argentinas,#467FBC,,,LV-GGQ,Boeing 737-800,Boeing,B738,e06491,,fids+fr24,3b7cc240-6a7b-4e8b-90db-c2ef677828da,real,,170
1713,Departure,2026-09-27T11:45,2026-09-27T12:42,,Despegó,Aeroparque (AEP),AEP,ROS → AEP,AR,Aerolíneas Argentinas,#467FBC,7,B,LV-GGQ,Boeing 737-800,Boeing,B738,e06491,,fids+fr24,644a9e7d-86c0-4f4a-b712-53f34519247c,real,,170
1714,Arrival,2026-09-27T14:30,2026-09-27T14:49,,Aterrizó,Aeroparque (AEP),AEP,AEP → ROS,AR,Aerolíneas Argentinas,#467FBC,,,LV-CPK,Embraer E190AR,Embraer,E190,e0340b,Aerolineas Argentinas,fids+fr24,d41778ec-55c1-4794-a940-2a5f3c7104c4,real,,96
1715,Departure,2026-09-27T15:00,2026-09-27T15:41,,Despegó,Aeroparque (AEP),AEP,ROS → AEP,AR,Aerolíneas Argentinas,#467FBC,3,A,LV-CPK,Embraer E190AR,Embraer,E190,e0340b,Aerolineas Argentinas,fids+fr24,6e08998d-62b7-4ce6-9f0a-a4a4fde1d705,real,,96
1711,Arrival,2026-09-27T15:20,2026-09-27T15:02,,Aterrizó,Iguazú (IGR),IGR,IGR → ROS,AR,Aerolíneas Argentinas,#467FBC,,,LV-FSK,Boeing 737-8BK,Boeing,B738,e064cb,,fids+fr24,3cefc805-cb8b-45b9-a86e-1401ea415633,real,,170
1710,Departure,2026-09-27T16:00,2026-09-27T16:16,,Despegó,Iguazú (IGR),IGR,ROS → IGR,AR,Aerolíneas Argentinas,#467FBC,3,A,LV-FSK,Boeing 737-8BK,Boeing,B738,e064cb,,fids+fr24,c49de4fc-c444-4832-b851-9f3ca6001158,real,,170
1082,Arrival,2026-09-27T18:50,2026-09-27T18:59,,Aterrizó,Aeroparque (AEP),AEP,AEP → ROS,AR,Aerolíneas Argentinas,#467FBC,,,LV-FUB,Boeing 737-8HX,Boeing,B738,e07584,,fids,854c07b1-ee84-4286-a6d9-97d6b8f4e4b6,historico,histórico FR24,170
1982,Departure,2026-09-27T19:30,2026-09-27T19:43,,Despegó,Santa Cruz Viru Viru (VVI),VVI,ROS → VVI,AR,Aerolíneas Argentinas,#467FBC,7,B,LV-GVD,Boeing 737 MAX 8,Boeing,B38M,e07584,,fids,9dafb081-1d5c-4b9a-b81b-cb98a0528588,cache,cache local,170
1084,Arrival,2026-09-27T20:30,2026-09-27T20:30,,Aterrizó,Aeroparque (AEP),AEP,AEP → ROS,AR,Aerolíneas Argentinas,#467FBC,,,LV-CKZ,Embraer E190AR,Boeing,E190,e032da,,fids,b2153acc-3bd4-4da7-b23e-d366c77e793c,historico,histórico FR24,96
1983,Departure,2026-09-27T21:00,2026-09-27T21:26,,Despegó,Ezeiza (EZE),EZE,ROS → EZE,AR,Aerolíneas Argentinas,#467FBC,3,A,,Boeing 737-800,Boeing,B738,,,fids,d9cb71a6-ee98-4e51-980d-03d2abdc645b,cache_modelo,modelo del cache,170
1718,Arrival,2026-09-27T21:50,2026-09-27T23:40,,Aterrizó,Aeroparque (AEP),AEP,AEP → ROS,AR,Aerolíneas Argentinas,#467FBC,,,LV-FUB,Boeing 737-8HX,Boeing,B738,e06542,Aerolineas Argentinas,fids+fr24,2d66426b-2d9d-492d-8a5a-333335af6cf9,real,modelo del cache,170
1719,Departure,2026-09-27T22:30,2026-09-28T00:37,,Despegó,Aeroparque (AEP),AEP,ROS → AEP,AR,Aerolíneas Argentinas,#467FBC,3,A,LV-FUB,Boeing 737-8HX,Boeing,B738,e06542,Aerolineas Argentinas,fids+fr24,03a2af85-4d80-4ce3-af23-d30e94f125b6,real,modelo del cache,170
882,Arrival,2026-09-28T00:12,2026-09-28T00:28,,Aterrizó,Panamá (PTY),PTY,PTY → ROS,CM,Copa Airlines,#15349E,,,HP-9821CMP,Boeing 737-800,Boeing,B738,0c21fd,,fids+fr24,c0d79941-c4d5-49ed-9b11-32692de1e26e,historico,histórico FR24,160
836,Departure,2026-09-28T01:23,2026-09-28T02:12,,Despegó,Panamá (PTY),PTY,ROS → PTY,CM,Copa Airlines,#15349E,6,B,HP-9803CMP,Boeing 737-800,Boeing,B738,0c21a5,,fids+fr24,3cadef5d-97fe-4714-904a-477d224bb06d,historico,histórico FR24,160
6672,Arrival,2026-09-28T04:39,2026-09-28T04:12,,Aterrizó,Punta Cana (PUJ),PUJ,PUJ → ROS,DM,Arajet,#482C72,,,,Boeing 737 MAX 8,Boeing,B38M,,,fids+fr24,c462bd46-823d-4383-93fc-248f504c7acd,cache_modelo,modelo del cache,185
6673,Departure,2026-09-28T05:45,2026-09-28T05:48,,Despegó,Punta Cana (PUJ),PUJ,ROS → PUJ,DM,Arajet,#482C72,7,B,HI1118,Boeing 737 MAX 8,Boeing,B38M,0c43aa,,fids+fr24,9ca7b1d7-8d16-4aee-9811-aa1234cf87e7,historico,histórico FR24,185
1708,Arrival,2026-09-28T08:50,2026-09-28T10:12,,Aterrizó,Aeroparque (AEP),AEP,AEP → ROS,AR,Aerolíneas Argentinas,#467FBC,,,LV-GUB,Boeing 737-8SH,Boeing,B738,e07542,,fids+fr24,33f66af4-2099-425d-911b-acf95b226c5e,real,,170
1709,Departure,2026-09-28T09:20,2026-09-28T11:13,,Despegó,Aeroparque (AEP),AEP,ROS → AEP,AR,Aerolíneas Argentinas,#467FBC,3,A,LV-GUB,Boeing 737-8SH,Boeing,B738,e07542,,fids+fr24,6b2b331a-654a-4680-8a75-c73841c1a4a8,real,,170
8170,Arrival,2026-09-28T11:40,2026-09-28T11:18,,Aterrizó,São Paulo (GRU),GRU,GRU → ROS,LA,LATAM Airlines,#0B044E,,,PR-MHW,Airbus A320-214,Airbus,A320,e48274,LATAM Airlines,fids+fr24,5d289316-a653-473a-a4ae-cd840ad8fe72,real,,174
8171,Departure,2026-09-28T12:40,2026-09-28T12:49,,Despegó,São Paulo (GRU),GRU,ROS → GRU,LA,LATAM Airlines,#0B044E,7,B,PR-MHW,Airbus A320-214,Airbus,A320,e48274,LATAM Airlines,fids+fr24,a7789941-deac-4141-98b8-e5ca85b28ea9,real,,174
1714,Arrival,2026-09-28T14:30,2026-09-28T14:45,,Aterrizó,Aeroparque (AEP),AEP,AEP → ROS,AR,Aerolíneas Argentinas,#467FBC,,,LV-CEV,Embraer E190AR,Embraer,E190,e03156,Aerolineas Argentinas,fids+fr24,5de7e9b8-7301-421b-b2fc-47427601ee20,real,,96
1715,Departure,2026-09-28T15:00,2026-09-28T15:26,,Despegó,Aeroparque (AEP),AEP,ROS → AEP,AR,Aerolíneas Argentinas,#467FBC,3,A,LV-CEV,Embraer E190AR,Embraer,E190,e03156,Aerolineas Argentinas,fids+fr24,b4eb0b68-b826-4bde-b4be-cc41b563bc2f,real,,96
1706,Arrival,2026-09-28T19:15,2026-09-28T19:16,,Aterrizó,Aeroparque (AEP),AEP,AEP → ROS,AR,Aerolíneas Argentinas,#467FBC,,,LV-GIQ,Embraer E190AR,Embraer,E190,e07251,,fids+fr24,8e280b98-f0d4-4c01-88c2-bcac85d92e13,real,modelo del cache,96
1707,Departure,2026-09-28T19:50,2026-09-28T20:12,,Despegó,Aeroparque (AEP),AEP,ROS → AEP,AR,Aerolíneas Argentinas,#467FBC,7,B,LV-GIQ,Embraer E190AR,Embraer,E190,e07251,,fids+fr24,fd277ef2-da11-4cec-839a-d4af08fa4753,real,modelo del cache,96
882,Arrival,2026-09-29T00:12,2026-09-29T00:21,,Aterrizó,Panamá (PTY),PTY,PTY → ROS,CM,Copa Airlines,#15349E,,,HP-9821CMP,Boeing 737-800,Boeing,B738,0c21fd,,fids+fr24,7f0b4604-eb57-4abd-802c-91a0f06d873a,historico,histórico FR24,160
836,Departure,2026-09-29T01:23,2026-09-29T01:39,,Despegó,Panamá (PTY),PTY,ROS → PTY,CM,Copa Airlines,#15349E,7,B,HP-9821CMP,Boeing 737-800,Boeing,B738,0c21fd,,fids+fr24,ba49b3cf-e9cb-4406-9486-1055d19b104a,historico,histórico FR24,160
899,Arrival,2026-09-29T03:43,2026-09-29T04:08,,Aterrizó,Panamá (PTY),PTY,PTY → ROS,CM,Copa Airlines,#15349E,,,,Boeing 737-8V3,Boeing,B738,,,fids+fr24,94ffd820-b05c-4952-98b6-fd7e2ea2e5aa,cache_modelo,modelo del cache,160
897,Departure,2026-09-29T05:09,2026-09-29T05:29,,Despegó,Panamá (PTY),PTY,ROS → PTY,CM,Copa Airlines,#15349E,6,B,HP-9820CMP,Boeing 737 MAX 8,Boeing,B38M,0c21fc,,fids+fr24,5a95a1fc-49d3-43c7-9f4a-1d7619bbff27,historico,histórico FR24,166
2432,Arrival,2026-09-29T06:10,2026-09-29T05:51,,Aterrizó,Lima (LIM),LIM,LIM → ROS,LA,LATAM Airlines,#0B044E,,,CC-BAS,Airbus A320-214,Airbus,A320,e80429,LATAM Airlines,fids+fr24,a612aa4d-330a-447a-9a99-233a08f3d74e,real,,174
1708,Arrival,2026-09-29T07:30,2026-09-29T07:42,,Aterrizó,Aeroparque (AEP),AEP,AEP → ROS,AR,Aerolíneas Argentinas,#467FBC,,,LV-CHR,Embraer E190AR,Embraer,E190,e03212,,fids+fr24,d42439d1-f57e-4766-bedc-1c588b4171dd,real,,96
2433,Departure,2026-09-29T07:40,2026-09-29T07:25,,Despegó,Lima (LIM),LIM,ROS → LIM,LA,LATAM Airlines,#0B044E,6,B,CC-BAS,Airbus A320-214,Airbus,A320,e80429,LATAM Airlines,fids+fr24,895da135-c6eb-465a-89c0-78217afb5bb7,real,,174
1709,Departure,2026-09-29T08:00,2026-09-29T08:30,,Despegó,Aeroparque (AEP),AEP,ROS → AEP,AR,Aerolíneas Argentinas,#467FBC,3,A,LV-CHR,Embraer E190AR,Embraer,E190,e03212,,fids+fr24,eadaac2e-2e27-4ced-8c8e-4cc9b7b04d58,real,,96
1509,Arrival,2026-09-29T14:05,2026-09-29T14:05,,Aterrizó,Salta (SLA),SLA,SLA → ROS,AR,Aerolíneas Argentinas,#467FBC,,,LV-GOO,Boeing 737-7BD,Embraer,B737,e073cf,,fids+fr24,a2d9968a-9996-4e7c-96c6-66e3049ff924,historico,histórico FR24,137
1508,Departure,2026-09-29T14:45,2026-09-29T14:50,,Despegó,Salta (SLA),SLA,ROS → SLA,AR,Aerolíneas Argentinas,#467FBC,3,A,LV-GOO,Boeing 737-7BD,Embraer,B737,e073cf,,fids+fr24,9e566bfd-b32d-4470-a37e-5060dca291f8,historico,histórico FR24,137
1706,Arrival,2026-09-29T19:20,2026-09-29T19:12,,Aterrizó,Aeroparque (AEP),AEP,AEP → ROS,AR,Aerolíneas Argentinas,#467FBC,,,LV-CMB,Embraer E190AR,Embraer,E190,e03342,,fids+fr24,5e51d892-a025-4699-bf88-12006a33f06a,real,modelo del cache,96
1707,Departure,2026-09-29T19:50,2026-09-29T20:07,,Despegó,Aeroparque (AEP),AEP,ROS → AEP,AR,Aerolíneas Argentinas,#467FBC,3,A,LV-CMB,Embraer E190AR,Embraer,E190,e03342,,fids+fr24,9c267e73-e425-4c84-8c6e-d70e748e471b,real,modelo del cache,96
882,Arrival,2026-09-30T00:12,2026-09-30T00:19,,Aterrizó,Panamá (PTY),PTY,PTY → ROS,CM,Copa Airlines,#15349E,,,HP-9817CMP,Boeing 737-800,Boeing,B738,0c21f9,,fids+fr24,6f5fae74-9cdf-4f35-b73c-4afea5fcac12,historico,histórico FR24,160
7722,Arrival,2026-09-30T01:10,2026-09-30T00:53,,Aterrizó,Río de Janeiro (GIG),GIG,GIG → ROS,G3,GOL Linhas Aéreas,#E27B2E,,,,Boeing 737-800,Boeing,B38M,,,fids+fr24,882b1333-7f1c-4b16-a5de-f90632cec4ff,cache_modelo,modelo del cache,186
836,Departure,2026-09-30T01:23,2026-09-30T01:49,,Despegó,Panamá (PTY),PTY,ROS → PTY,CM,Copa Airlines,#15349E,6,B,HP-9806CMP,Boeing 737-800,Boeing,B738,0c21a8,,fids+fr24,84faa28c-0104-48ef-8e2c-65918b79a16a,historico,histórico FR24,160
7723,Departure,2026-09-30T02:10,2026-09-30T02:15,,Despegó,Río de Janeiro (GIG),GIG,ROS → GIG,G3,GOL Linhas Aéreas,#E27B2E,7,B,PR-XME,Boeing 737 MAX 8,Boeing,B38M,e49475,,fids+fr24,e2506f00-a9c4-4947-a238-20c0fcacbfda,historico,histórico FR24,186
6676,Arrival,2026-09-30T02:33,2026-09-30T02:24,,Aterrizó,Punta Cana (PUJ),PUJ,PUJ → ROS,DM,Arajet,#482C72,,,,Boeing 737 MAX 8,,B38M,,,fids+fr24,7804bf3e-7994-4dd4-b304-ced042ba565e,cache_modelo,modelo del cache,185
6677,Departure,2026-09-30T03:39,2026-09-30T03:53,,Despegó,Punta Cana (PUJ),PUJ,ROS → PUJ,DM,Arajet,#482C72,7,B,HI1026,Boeing 737 MAX 8,Boeing,B38M,0c4182,,fids+fr24,3748e0e2-87db-4a88-bb27-d6e795c0fecb,historico,histórico FR24,185
2432,Arrival,2026-09-30T06:10,2026-09-30T06:31,,Aterrizó,Lima (LIM),LIM,LIM → ROS,LA,LATAM Airlines,#0B044E,,,CC-BJD,Airbus A320-214,Airbus,A320,e8027c,,fids+fr24,cc679229-c9fb-4cb8-856c-6f58fa7f941d,real,,174
1708,Arrival,2026-09-30T07:30,2026-09-30T07:31,,Aterrizó,Aeroparque (AEP),AEP,AEP → ROS,AR,Aerolíneas Argentinas,#467FBC,,,LV-CDY,Embraer E190AR,Embraer,E190,e03119,,fids+fr24,c7b9f2f9-3603-45cd-bb7d-d311e3fda058,real,,96
2433,Departure,2026-09-30T07:40,2026-09-30T07:49,,Despegó,Lima (LIM),LIM,ROS → LIM,LA,LATAM Airlines,#0B044E,7,B,CC-BJD,Airbus A320-214,Airbus,A320,e8027c,LATAM Airlines,fids+fr24,2b8b9af8-46f6-49ab-8aa0-60e27c152e97,real,,174
1709,Departure,2026-09-30T08:00,2026-09-30T08:16,,Despegó,Aeroparque (AEP),AEP,ROS → AEP,AR,Aerolíneas Argentinas,#467FBC,3,A,LV-CDY,Embraer E190AR,Embraer,E190,e03119,,fids+fr24,113afed2-30c0-4891-ad6e-7a6647b02738,real,,96
8170,Arrival,2026-09-30T11:40,2026-09-30T11:40,,Aterrizó,São Paulo (GRU),GRU,GRU → ROS,LA,LATAM Airlines,#0B044E,,,PR-TYT,Airbus A320-214,AIRBUS,A320,e49180,LATAM Airlines,fids+fr24,9c7f7090-55e2-480e-b419-f290fe1f47be,real,,174
1704,Arrival,2026-09-30T11:50,2026-09-30T11:33,,Aterrizó,Bariloche (BRC),BRC,BRC → ROS,AR,Aerolíneas Argentinas,#467FBC,,,LV-GGQ,Boeing 737-800,Boeing,B738,e071d1,,fids+fr24,6032b695-f638-48b4-92a4-89da1f3490a4,real,corregido por matrícula (manual),170
1715,Departure,2026-09-30T12:40,2026-09-30T12:47,,Despegó,Aeroparque (AEP),AEP,ROS → AEP,AR,Aerolíneas Argentinas,#467FBC,3,A,LV-GGQ,Boeing 737-800,Boeing,B738,e071d1,Aerolineas Argentinas,fids+fr24,0c4b956f-f7ec-4733-93ca-c359c3ca6f2a,real,corregido por matrícula (manual),170
8171,Departure,2026-09-30T12:40,2026-09-30T12:54,,Despegó,São Paulo (GRU),GRU,ROS → GRU,LA,LATAM Airlines,#0B044E,7,B,PR-TYT,Airbus A320-214,AIRBUS,A320,e49180,LATAM Airlines,fids+fr24,061bb5db-248a-44be-94a4-171969fdd4e5,real,,174
1706,Arrival,2026-09-30T19:20,2026-09-30T19:19,,Aterrizó,Aeroparque (AEP),AEP,AEP → ROS,AR,Aerolíneas Argentinas,#467FBC,,,LV-CIF,Embraer E190AR,Embraer,E190,e03246,,fids+fr24,7f8ee65f-9ce7-41a5-ac00-b5fa0d7f8060,real,histórico FR24,96
1707,Departure,2026-09-30T20:00,2026-09-30T20:07,,Despegó,Aeroparque (AEP),AEP,ROS → AEP,AR,Aerolíneas Argentinas,#467FBC,3,A,LV-CIF,Embraer E190AR,Embraer,E190,e03246,,fids+fr24,e95882cb-c9be-4063-9da9-4598f8ebef50,real,histórico FR24,96
882,Arrival,2026-10-01T00:17,2026-10-01T00:41,,Aterrizó,Panamá (PTY),PTY,PTY → ROS,CM,Copa Airlines,#15349E,,,HP-1852CMP,Boeing 737-800,Boeing,B738,0c20be,,fids+fr24,4510d4c0-1a56-485b-b25b-311892018442,historico,histórico FR24,160
836,Departure,2026-10-01T01:23,2026-10-01T02:03,,Despegó,Panamá (PTY),PTY,ROS → PTY,CM,Copa Airlines,#15349E,7,B,HP-9817CMP,Boeing 737-800,Boeing,B738,0c21f9,,fids+fr24,f0d9556b-a465-4430-911b-630159a33038,historico,histórico FR24,160
7722,Arrival,2026-10-01T02:10,,,Programado,Río de Janeiro (GIG),GIG,GIG → ROS,G3,GOL Linhas Aéreas,#E27B2E,,,,Boeing 737 MAX 8,Boeing,B38M,,,fids,ceac1643-c3f8-4f84-9638-2e351d0f7dc8,historico,histórico FR24,186
7723,Departure,2026-10-01T03:10,,,Programado,Río de Janeiro (GIG),GIG,ROS → GIG,G3,GOL Linhas Aéreas,#E27B2E,,,,Boeing 737-8HX,Boeing,B738,,,fids,c673e185-a521-4837-bf75-f6f05f297856,cache_modelo,modelo del cache,186
899,Arrival,2026-10-01T03:47,2026-10-01T03:15,,Aterrizó,Panamá (PTY),PTY,PTY → ROS,CM,Copa Airlines,#15349E,,,,Boeing 737-8V3,Boeing,B738,,,fids+fr24,cbde3823-4c42-4dea-a99e-6bb31ca1a50c,cache_modelo,modelo del cache,160
897,Departure,2026-10-01T05:09,2026-10-01T05:16,,Despegó,Panamá (PTY),PTY,ROS → PTY,CM,Copa Airlines,#15349E,7,B,HP-1538CMP,Boeing 737-800,Boeing,B738,0c2047,,fids+fr24,8bdaf0f4-a3e1-498e-97e4-a432adf43226,historico,histórico FR24,160
1708,Arrival,2026-10-01T07:30,2026-10-01T07:32,,Aterrizó,Aeroparque (AEP),AEP,AEP → ROS,AR,Aerolíneas Argentinas,#467FBC,,,LV-CPK,Embraer E190AR,Embraer,E190,e0340b,,fids+fr24,713f7225-6980-459f-89b0-d74f88e19287,real,,96
1709,Departure,2026-10-01T08:00,2026-10-01T08:18,,Despegó,Aeroparque (AEP),AEP,ROS → AEP,AR,Aerolíneas Argentinas,#467FBC,3,A,LV-CPK,Embraer E190AR,Embraer,E190,e0340b,,fids+fr24,8c1ac65c-a5b0-42b8-8cfa-b697f2c4535b,real,,96
1712,Arrival,2026-10-01T14:00,2026-10-01T14:06,,Aterrizó,Aeroparque (AEP),AEP,AEP → ROS,AR,Aerolíneas Argentinas,#467FBC,,,LV-CMA,Embraer E190AR,Embraer,E190,e03341,,fids+fr24,c563f9e6-21c0-4bce-b9af-d00e25a4a073,real,,96
1713,Departure,2026-10-01T14:30,2026-10-01T14:35,,Despegó,Aeroparque (AEP),AEP,ROS → AEP,AR,Aerolíneas Argentinas,#467FBC,3,A,LV-CMA,Embraer E190AR,Embraer,E190,e03341,,fids+fr24,abf57108-cf57-4a8b-a08b-2ae230e0046a,real,,96
1711,Arrival,2026-10-01T14:40,2026-10-01T14:28,,Aterrizó,Iguazú (IGR),IGR,IGR → ROS,AR,Aerolíneas Argentinas,#467FBC,,,LV-GFQ,Boeing 737-8SH,Boeing,B738,e07191,,fids+fr24,ba2a07d4-57f5-47a1-9cdb-a325dd496b87,real,,170
1710,Departure,2026-10-01T15:30,2026-10-01T15:36,,Despegó,Iguazú (IGR),IGR,ROS → IGR,AR,Aerolíneas Argentinas,#467FBC,3,A,LV-GFQ,Boeing 737-8SH,Boeing,B738,e07191,,fids+fr24,8e56822c-8889-444c-86be-72cd68f3c795,real,,170
2075,Arrival,2026-10-01T18:00,2026-10-01T17:21,,Aterrizó,Madrid (MAD),MAD,MAD → ROS,2W,World2Fly,#141E7A,,,EC-NTB,Airbus A350-900,Airbus,A359,347245,,fids,41f0b10e-8971-4a33-b58c-f907e7bc1fb5,historico,histórico FR24,432
1718,Arrival,2026-10-01T19:50,2026-10-01T20:18,,Aterrizó,Aeroparque (AEP),AEP,AEP → ROS,AR,Aerolíneas Argentinas,#467FBC,,,LV-CPK,Embraer E190AR,Embraer,E190,e0340b,Aerolineas Argentinas,fids+fr24,0022f8b2-bae4-4a2f-ba70-0fdd79074178,real,,96
2076,Departure,2026-10-01T20:00,2026-10-01T21:29,,Despegó,Madrid (MAD),MAD,ROS → MAD,2W,World2Fly,#141E7A,6,B,EC-NTB,Airbus A350-900,Airbus,A359,347245,,fids,1009156d-58ff-4572-8779-67a8f3b48f82,historico,histórico FR24,432
1719,Departure,2026-10-01T20:20,,,Despegó,Ezeiza (EZE),EZE,ROS → EZE,AR,Aerolíneas Argentinas,#467FBC,3,A,LV-CPK,Embraer E190AR,Embraer,E190,e0340b,Aerolineas Argentinas,fids+fr24,f059f434-b307-4e6d-bf5c-2a09ba1801a8,real,,96
882,Arrival,2026-10-02T00:17,2026-10-02T00:23,,Aterrizó,Panamá (PTY),PTY,PTY → ROS,CM,Copa Airlines,#15349E,,,HP-1718CMP,Boeing 737-800,Boeing,B738,0c205d,,fids+fr24,c303fc1a-d069-4801-a2e6-0d95137f02fd,historico,histórico FR24,160
7722,Arrival,2026-10-02T01:10,2026-10-02T01:05,,Aterrizó,Río de Janeiro (GIG),GIG,GIG → ROS,G3,GOL Linhas Aéreas,#E27B2E,,,,Boeing 737 MAX 8,Boeing,B38M,,,fids+fr24,6fa1fc21-44e2-40a2-bf12-ed6c382d275d,cache_modelo,modelo del cache,186
836,Departure,2026-10-02T01:23,2026-10-02T01:40,,Despegó,Panamá (PTY),PTY,ROS → PTY,CM,Copa Airlines,#15349E,6,B,HP-1852CMP,Boeing 737-800,Boeing,B738,0c20be,,fids+fr24,1f4ecc82-ca71-4203-b26f-4088ededc431,historico,histórico FR24,160
7723,Departure,2026-10-02T02:10,2026-10-02T02:08,,Despegó,Río de Janeiro (GIG),GIG,ROS → GIG,G3,GOL Linhas Aéreas,#E27B2E,7,B,PR-GZV,Boeing 737-8KN,Boeing,B738,e495fa,,fids+fr24,f93e450e-f914-4285-ac53-c4eb07b83288,historico,histórico FR24,186
6676,Arrival,2026-10-02T02:33,2026-10-02T03:09,,Aterrizó,Punta Cana (PUJ),PUJ,PUJ → ROS,DM,Arajet,#482C72,,,,Boeing 737 MAX 8,,B38M,,,fids+fr24,696fdd65-ac14-4c01-89df-388a8c268e99,cache_modelo,modelo del cache,185
6677,Departure,2026-10-02T03:39,2026-10-02T05:03,,Despegó,Punta Cana (PUJ),PUJ,ROS → PUJ,DM,Arajet,#482C72,6,B,HI1140,Boeing 737 MAX 8,Boeing,B38M,0c43b7,,fids+fr24,7b493d05-d7f5-4f2d-a075-8763b6935bff,historico,histórico FR24,185
899,Arrival,2026-10-02T03:47,,,En horario,Panamá (PTY),PTY,PTY → ROS,CM,Copa Airlines,#15349E,,,,Boeing 737-8V3,Boeing,B738,,,fids,7514379b-6d4c-46e3-b2e5-50f9cb2c2e95,cache_modelo,modelo del cache,160
897,Departure,2026-10-02T05:09,,,En horario,Panamá (PTY),PTY,ROS → PTY,CM,Copa Airlines,#15349E,,,,Boeing 737 MAX 8,Boeing,B38M,,,fids,8e5bbe05-e586-41fa-8d79-2dd980e571c7,cache_modelo,modelo del cache,166
2432,Arrival,2026-10-02T06:10,2026-10-02T06:17,,Aterrizó,Lima (LIM),LIM,LIM → ROS,LA,LATAM Airlines,#0B044E,,,CC-BFO,Airbus A320-214,Airbus,A320,e80272,,fids+fr24,659371e8-a67a-4858-b720-d1e193f4475f,real,,174
1708,Arrival,2026-10-02T07:35,2026-10-02T07:27,,Aterrizó,Aeroparque (AEP),AEP,AEP → ROS,AR,Aerolíneas Argentinas,#467FBC,,,LV-CIF,Embraer E190AR,Embraer,E190,e03246,,fids+fr24,2cdad86b-d208-4779-b345-299dec5649e6,real,,96
2433,Departure,2026-10-02T07:40,2026-10-02T07:35,,Despegó,Lima (LIM),LIM,ROS → LIM,LA,LATAM Airlines,#0B044E,6,B,CC-BFO,Airbus A320-214,Airbus,A320,e80272,LATAM Airlines,fids+fr24,647e14a4-9ef8-46b7-8b7a-b3dbc8be606b,real,,174
1709,Departure,2026-10-02T08:05,2026-10-02T08:06,,Despegó,Aeroparque (AEP),AEP,ROS → AEP,AR,Aerolíneas Argentinas,#467FBC,3,A,LV-CIF,Embraer E190AR,Embraer,E190,e03246,,fids+fr24,bd1f2ac8-0ac8-4036-94ba-49d02e4a0828,real,,96
8170,Arrival,2026-10-02T11:40,2026-10-02T11:38,,Aterrizó,São Paulo (GRU),GRU,GRU → ROS,LA,LATAM Airlines,#0B044E,,,PR-TYN,Airbus A320-214,AIRBUS,A320,e490f0,LATAM Airlines,fids+fr24,883568c0-1b68-47d2-b16e-57cb980be83b,real,,174
8171,Departure,2026-10-02T12:40,2026-10-02T12:52,,Despegó,São Paulo (GRU),GRU,ROS → GRU,LA,LATAM Airlines,#0B044E,7,B,PR-TYN,Airbus A320-214,AIRBUS,A320,e490f0,LATAM Airlines,fids+fr24,19fd8a9e-fb7c-4a9a-8c36-05eb61425634,real,,174
1716,Arrival,2026-10-02T14:15,2026-10-02T14:03,,Aterrizó,Aeroparque (AEP),AEP,AEP → ROS,AR,Aerolíneas Argentinas,#467FBC,,,LV-GOO,Boeing 737-7BD,Boeing,B737,e073cf,,fids+fr24,3348574a-5c9d-4515-a55d-3232ac0a59b5,real,modelo del cache,137
1715,Departure,2026-10-02T14:50,2026-10-02T14:56,,Despegó,Aeroparque (AEP),AEP,ROS → AEP,AR,Aerolíneas Argentinas,#467FBC,3,A,LV-GOO,Boeing 737-7BD,Boeing,B737,e073cf,Aerolineas Argentinas,fids+fr24,dc667bce-0bb5-4285-9f4f-abd7d34fd24f,real,modelo del cache,137
1712,Arrival,2026-10-02T19:35,2026-10-02T19:41,,Aterrizó,Aeroparque (AEP),AEP,AEP → ROS,AR,Aerolíneas Argentinas,#467FBC,,,LV-CEV,Embraer E190AR,Embraer,E190,e03156,,fids+fr24,cf5b447a-b02a-4701-8985-2bb0b93bf4f2,real,histórico FR24,96
1713,Departure,2026-10-02T20:20,2026-10-02T20:30,,Despegó,Aeroparque (AEP),AEP,ROS → AEP,AR,Aerolíneas Argentinas,#467FBC,3,A,LV-CEV,Embraer E190AR,Embraer,E190,e03156,,fids+fr24,d5ddadb4-9592-4efd-8c04-9fdb8a441311,real,histórico FR24,96
882,Arrival,2026-10-03T00:17,2026-10-03T00:06,,Aterrizó,Panamá (PTY),PTY,PTY → ROS,CM,Copa Airlines,#15349E,,,HP-1843CMP,Boeing 737-800,Boeing,B738,0c20ad,,fids+fr24,b04dbbc6-6cfd-4b2f-a101-68c033303b75,historico,histórico FR24,160
836,Departure,2026-10-03T01:23,2026-10-03T01:25,,Despegó,Panamá (PTY),PTY,ROS → PTY,CM,Copa Airlines,#15349E,6,B,HP-1718CMP,Boeing 737-800,Boeing,B738,0c205d,,fids+fr24,ad34ee47-cd0c-4081-bbc8-ce58cf5cbfaf,historico,histórico FR24,160
899,Arrival,2026-10-03T03:47,2026-10-03T03:27,,Aterrizó,Panamá (PTY),PTY,PTY → ROS,CM,Copa Airlines,#15349E,,,HP-9816CMP,Boeing 737 MAX 8,Boeing,B38M,0c21e0,,fids+fr24,23221dee-16cd-40a1-a46f-993f907234b2,historico,histórico FR24,166
897,Departure,2026-10-03T05:09,2026-10-03T05:09,,Despegó,Panamá (PTY),PTY,ROS → PTY,CM,Copa Airlines,#15349E,,,HP-1830CMP,Boeing 737-8V3,Boeing,B738,0c208d,,fids+fr24,79476ae6-9688-46a7-9717-7fc07c32db65,historico,histórico FR24,160
1708,Arrival,2026-10-03T08:55,2026-10-03T09:01,,Aterrizó,Ezeiza (EZE),EZE,EZE → ROS,AR,Aerolíneas Argentinas,#467FBC,,,LV-CIH,Embraer E190AR,Embraer,E190,e03248,,fids+fr24,846b2355-108e-4267-aeff-49368ea0bebf,real,,96
1709,Departure,2026-10-03T09:35,2026-10-03T10:10,,Despegó,Aeroparque (AEP),AEP,ROS → AEP,AR,Aerolíneas Argentinas,#467FBC,7,B,LV-CIH,Embraer E190AR,Embraer,E190,e03248,,fids+fr24,aa065e9a-f65e-4aef-bbef-3cab5c70b131,real,,96
1508,Arrival,2026-10-03T11:10,2026-10-03T11:09,,Aterrizó,Aeroparque (AEP),AEP,AEP → ROS,AR,Aerolíneas Argentinas,#467FBC,,,LV-CID,Embraer E190AR,Embraer,E190,e03244,,fids+fr24,a3e94ce9-a24e-4fcb-af5b-8906c5cf23e8,real,,96
8170,Arrival,2026-10-03T11:40,2026-10-03T11:25,,Aterrizó,São Paulo (GRU),GRU,GRU → ROS,LA,LATAM Airlines,#0B044E,,,PR-MAG,Airbus A320-232,Airbus,A320,e47ea0,Latam Brasil,fids+fr24,cc3819af-510e-4c37-9ada-34f33325cacb,real,histórico FR24,174
1508,Departure,2026-10-03T11:55,2026-10-03T11:50,,Despegó,Salta (SLA),SLA,ROS → SLA,AR,Aerolíneas Argentinas,#467FBC,3,A,LV-CID,Embraer E190AR,Embraer,E190,e03244,,fids+fr24,4d7c0c60-4a76-4759-9420-4616f6f5631b,real,,96
8171,Departure,2026-10-03T12:40,2026-10-03T12:47,,Despegó,São Paulo (GRU),GRU,ROS → GRU,LA,LATAM Airlines,#0B044E,6,B,PR-MAG,Airbus A320-232,Airbus,A320,e47ea0,Latam Brasil,fids+fr24,44909ae3-9743-4119-bec6-d2ddbc38225e,real,histórico FR24,174
1706,Arrival,2026-10-03T14:10,2026-10-03T14:03,,Aterrizó,Aeroparque (AEP),AEP,AEP → ROS,AR,Aerolíneas Argentinas,#467FBC,,,LV-FUC,Boeing 737-8SH,Boeing,B738,e06543,,fids+fr24,5680ade6-8312-4e73-ab73-f0eec8b91baf,real,,170
1707,Departure,2026-10-03T14:50,2026-10-03T15:08,,Despegó,Aeroparque (AEP),AEP,ROS → AEP,AR,Aerolíneas Argentinas,#467FBC,,,LV-FUC,Boeing 737-8SH,Boeing,B738,e06543,,fids+fr24,1f4b991c-aeff-4a23-8ca8-d7f554527db6,real,,170
1509,Arrival,2026-10-03T19:40,2026-10-03T19:17,,Aterrizó,Salta (SLA),SLA,SLA → ROS,AR,Aerolíneas Argentinas,#467FBC,,,LV-GUB,Boeing 737-8SH,Boeing,B738,e07542,,fids+fr24,456399d0-674c-49d7-bdfe-e05668b665dc,real,histórico FR24,170
1509,Departure,2026-10-03T20:20,2026-10-03T20:08,,Despegó,Ezeiza (EZE),EZE,ROS → EZE,AR,Aerolíneas Argentinas,#467FBC,3,A,LV-GUB,Boeing 737-8SH,Boeing,B738,e07542,,fids+fr24,e422dbb8-ace4-4d0c-8509-fa5098c9aa67,real,histórico FR24,170
882,Arrival,2026-10-04T00:17,2026-10-04T00:15,,Aterrizó,Panamá (PTY),PTY,PTY → ROS,CM,Copa Airlines,#15349E,,,HP-1847CMP,Boeing 737-800,Boeing,B738,0c20b9,,fids+fr24,acb6e301-311e-4679-8f60-4a6f96c0a34b,historico,histórico FR24,160
7722,Arrival,2026-10-04T01:10,2026-10-04T00:54,,Aterrizó,Río de Janeiro (GIG),GIG,GIG → ROS,G3,GOL Linhas Aéreas,#E27B2E,,,,Boeing 737 MAX 8,Boeing,B38M,,,fids+fr24,4d50dfd5-6d5a-486d-b017-bb63de0b1ecd,cache_modelo,modelo del cache,186
836,Departure,2026-10-04T01:23,2026-10-04T01:33,,Despegó,Panamá (PTY),PTY,ROS → PTY,CM,Copa Airlines,#15349E,6,B,HP-1843CMP,Boeing 737-800,Boeing,B738,0c20ad,,fids+fr24,405d912a-b40c-40da-bd11-8be2ccf9a238,historico,histórico FR24,160
7723,Departure,2026-10-04T02:10,2026-10-04T02:08,,Despegó,Río de Janeiro (GIG),GIG,ROS → GIG,G3,GOL Linhas Aéreas,#E27B2E,7,B,PR-XMV,Boeing 737 MAX 8,Boeing,B38M,e49524,,fids+fr24,f9ee29bf-6855-4583-94cf-41f14212576b,historico,histórico FR24,186
899,Arrival,2026-10-04T03:47,2026-10-04T03:49,,Aterrizó,Panamá (PTY),PTY,PTY → ROS,CM,Copa Airlines,#15349E,,,HP-9816CMP,Boeing 737 MAX 8,Boeing,B38M,0c21e0,,fids+fr24,968e241f-a42c-409c-8947-a4222d4b817c,cache,cache local,166
897,Departure,2026-10-04T05:09,2026-10-04T05:14,,Despegó,Panamá (PTY),PTY,ROS → PTY,CM,Copa Airlines,#15349E,6,B,HP-9816CMP,Boeing 737 MAX 8,Boeing,B38M,0c21e0,,fids+fr24,3525b244-6cec-4f4d-b834-b0c6bd32241f,historico,histórico FR24,166
2432,Arrival,2026-10-04T06:10,,,Desviado,Lima (LIM),LIM,LIM → ROS,LA,LATAM Airlines,#0B044E,,,CC-CQL,Airbus A319-132,Airbus,A319,e8020c,,fids+fr24,14f593e2-ade2-4115-8abe-524f7f764bbf,real,,144
2433,Departure,2026-10-04T07:40,2026-10-04T07:51,,Consulte compañía,Lima (LIM),LIM,ROS → LIM,LA,LATAM Airlines,#0B044E,,,CC-CQL,Airbus A319-132,Airbus,A319,e8020c,,fids+fr24,6914d26e-5877-4bd6-869c-e83f0833382c,real,,144
1712,Arrival,2026-10-04T11:00,2026-10-04T10:46,,Aterrizó,Aeroparque (AEP),AEP,AEP → ROS,AR,Aerolíneas Argentinas,#467FBC,,,LV-CMA,Embraer E190AR,Embraer,E190,e03341,,fids+fr24,ab057d0c-6679-4778-bb48-5b7a035e603e,real,,96
1713,Departure,2026-10-04T11:30,2026-10-04T11:26,,Despegó,Aeroparque (AEP),AEP,ROS → AEP,AR,Aerolíneas Argentinas,#467FBC,,,LV-CMA,Embraer E190AR,Embraer,E190,e03341,,fids+fr24,496ed6a2-3e60-4bea-b9d0-8042e6ecf985,real,,96
1708,Arrival,2026-10-04T14:20,2026-10-04T14:07,,Aterrizó,Aeroparque (AEP),AEP,AEP → ROS,AR,Aerolíneas Argentinas,#467FBC,,,LV-CMA,Embraer E190AR,Embraer,E190,e03341,,fids+fr24,ecaaa5ec-8533-4fae-a926-47300d51513a,real,,96
1709,Departure,2026-10-04T14:50,2026-10-04T14:48,,Despegó,Aeroparque (AEP),AEP,ROS → AEP,AR,Aerolíneas Argentinas,#467FBC,,,LV-CMA,Embraer E190AR,Embraer,E190,e03341,,fids+fr24,2525f283-dfe1-4c87-865e-f86f3b14fbf7,real,,96
1711,Arrival,2026-10-04T15:35,2026-10-04T15:32,,Aterrizó,Iguazú (IGR),IGR,IGR → ROS,AR,Aerolíneas Argentinas,#467FBC,,,LV-HKU,Boeing 737 MAX 8,BOEING,B38M,e082d5,,fids+fr24,1e585c80-b3c4-486d-84ac-034973e3db71,real,,170
1710,Departure,2026-10-04T16:15,2026-10-04T16:23,,Despegó,Iguazú (IGR),IGR,ROS → IGR,AR,Aerolíneas Argentinas,#467FBC,,,LV-HKU,Boeing 737 MAX 8,BOEING,B38M,e082d5,,fids+fr24,5a50a6f8-eb97-47d1-bd09-71c6f26829b2,real,,170
1718,Arrival,2026-10-04T21:10,2026-10-04T21:02,,Aterrizó,Aeroparque (AEP),AEP,AEP → ROS,AR,Aerolíneas Argentinas,#467FBC,,,LV-CEV,Embraer E190AR,Embraer,E190,e03156,Aerolineas Argentinas,fids+fr24,c1c1d552-1fa4-491e-9d66-88aa4398bd59,real,histórico FR24,96
1719,Departure,2026-10-04T21:50,2026-10-04T21:49,,Despegó,Aeroparque (AEP),AEP,ROS → AEP,AR,Aerolíneas Argentinas,#467FBC,,,LV-CEV,Embraer E190AR,Embraer,E190,e03156,Aerolineas Argentinas,fids+fr24,1a8d5cd4-e503-4aba-80d7-117da46c51b6,real,histórico FR24,96
882,Arrival,2026-10-05T00:17,2026-10-05T00:22,,Aterrizó,Panamá (PTY),PTY,PTY → ROS,CM,Copa Airlines,#15349E,,,HP-1830CMP,Boeing 737-800,Boeing,B738,0c208d,Copa Airlines,fids+fr24,d7c623c7-534c-4b8b-ba94-fd0aa2288b8d,historico,histórico FR24,160
836,Departure,2026-10-05T01:23,2026-10-05T01:44,,Despegó,Panamá (PTY),PTY,ROS → PTY,CM,Copa Airlines,#15349E,6,B,HP-1847CMP,Boeing 737-8V3,Boeing,B738,0c20b9,,fids+fr24,af122702-9f28-4794-8a8e-6bed5d34f41c,historico,histórico FR24,160
7722,Arrival,2026-10-05T02:10,,,Programado,Río de Janeiro (GIG),GIG,GIG → ROS,G3,GOL Linhas Aéreas,#E27B2E,,,,Boeing 737 MAX 8,Boeing,B38M,,,fids,1f35ec89-8c62-4460-963c-86e7fb1839eb,cache_modelo,modelo del cache,186
7723,Departure,2026-10-05T03:10,,,Programado,Río de Janeiro (GIG),GIG,ROS → GIG,G3,GOL Linhas Aéreas,#E27B2E,,,,Boeing 737-8KN,Boeing,B738,,,fids,ba0eedb0-3489-4847-b7b1-c3a2641304fe,cache_modelo,modelo del cache,186
899,Arrival,2026-10-05T03:47,,,Programado,Panamá (PTY),PTY,PTY → ROS,CM,Copa Airlines,#15349E,,,,Boeing 737-800,Boeing,B738,,,fids,9b204fa4-bb82-4328-b5ca-21e8bf53ed87,historico,histórico FR24,160
6672,Arrival,2026-10-05T04:39,2026-10-05T07:08,2026-10-05T07:06,Aterrizó,Punta Cana (PUJ),PUJ,PUJ → ROS,DM,Arajet,#482C72,,,HI1118,Boeing 737 MAX 8,Boeing,B38M,0c43aa,,fids+fr24,82f80866-bbec-4c82-893c-f4a2e7b609ce,historico,histórico FR24,185
897,Departure,2026-10-05T05:09,,,Programado,Panamá (PTY),PTY,ROS → PTY,CM,Copa Airlines,#15349E,,,,Boeing 737-8V3,Boeing,B738,,,fids,4085c6b5-6011-4bee-9272-66023aa15a0d,cache_modelo,modelo del cache,160
6673,Departure,2026-10-05T05:45,,2026-10-05T08:19,Despegó,Punta Cana (PUJ),PUJ,ROS → PUJ,DM,Arajet,#482C72,,,HI1118,Boeing 737 MAX 8,Boeing,B38M,0c43aa,,fids+fr24,d24e5268-f4da-469a-b2a1-5368593d3a8c,historico,histórico FR24,185
2432,Arrival,2026-10-05T06:05,2026-10-05T06:04,,Aterrizó,Lima (LIM),LIM,LIM → ROS,LA,LATAM Airlines,#0B044E,,,CC-COY,Airbus A319-132,Airbus,A319,e80251,LATAM Airlines,fids+fr24,1ed6d21f-9e49-4b0b-b52b-a54a187f8fdc,real,,144
2488,Arrival,2026-10-05T06:50,2026-10-05T07:02,,Aterrizó,Lima (LIM),LIM,LIM → ROS,LA,LATAM Airlines,#0B044E,,,CC-CQL,Airbus A319-132,Airbus,A319,e8020c,,fids+fr24,248d3643-34ff-4300-beff-5a40614ae0c6,historico,histórico FR24,144
1708,Arrival,2026-10-05T07:35,2026-10-05T07:30,,Aterrizó,Aeroparque (AEP),AEP,AEP → ROS,AR,Aerolíneas Argentinas,#467FBC,,,LV-CIE,Embraer E190AR,Embraer,E190,e03245,,fids+fr24,14e7b61d-c9c7-4d93-a1e1-2f65ffbf5fc6,real,,96
2433,Departure,2026-10-05T07:40,2026-10-05T08:09,,Despegó,Lima (LIM),LIM,ROS → LIM,LA,LATAM Airlines,#0B044E,6,B,CC-COY,Airbus A319-132,Airbus,A319,e80251,LATAM Airlines,fids+fr24,71c6e10d-a577-4010-bec5-f97727c7d4ce,real,,144
LA2489,Departure,2026-10-05T07:50,,,Canceled,Lima Jorge Chavez International Airport (LIM),LIM,ROS → LIM,LA,LATAM Airlines,,,,CC-CPJ,Airbus A319-132,,A319,e8025e,,fr24,,historico,histórico FR24,144
1709,Departure,2026-10-05T08:05,2026-10-05T08:12,,Despegó,Aeroparque (AEP),AEP,ROS → AEP,AR,Aerolíneas Argentinas,#467FBC,3,A,LV-CIE,Embraer E190AR,Embraer,E190,e03245,,fids+fr24,ec860436-d704-4dac-9eb2-cf09dae36513,real,,96
2491,Departure,2026-10-05T09:00,2026-10-05T08:44,,Despegó,Lima (LIM),LIM,ROS → LIM,LA,LATAM Airlines,#0B044E,3,A,,Boeing 767-300,Boeing,B763,,,fids,40b35b73-b63e-416d-b35b-bd6e4dd1ab02,cache_modelo,modelo del cache,269
8170,Arrival,2026-10-05T11:40,2026-10-05T11:18,,Aterrizó,São Paulo (GRU),GRU,GRU → ROS,LA,LATAM Airlines,#0B044E,,,PR-XBE,Airbus A320neo,Airbus,A20N,e4953d,Latam Brasil,fids+fr24,71dd376d-d788-46a8-8d2b-556ea1ba37fa,historico,histórico FR24,174
8171,Departure,2026-10-05T12:40,2026-10-05T12:48,,Despegó,São Paulo (GRU),GRU,ROS → GRU,LA,LATAM Airlines,#0B044E,7,B,PR-XBE,Airbus A320neo,Airbus,A20N,e4953d,Latam Brasil,fids+fr24,a623d4b3-2185-40dc-8e5a-c1ee72698233,historico,histórico FR24,174
1710,Arrival,2026-10-05T14:10,,,Aterrizó,Aeroparque (AEP),AEP,AEP → ROS,AR,Aerolíneas Argentinas,#467FBC,,,LV-GIK,Embraer E190AR,Embraer,E190,e0724b,,fids+fr24,6c44ffd5-9b55-4988-a461-1ab86b244c27,real,,96
1711,Departure,2026-10-05T14:30,,,Despegó,Aeroparque (AEP),AEP,ROS → AEP,AR,Aerolíneas Argentinas,#467FBC,3,A,LV-GIK,Embraer E190AR,Embraer,E190,e0724b,,fids+fr24,78bcd569-2ed4-4a3e-86d8-4d8288f57a78,real,,96
O4614,Arrival,2026-10-05T15:20,,,Scheduled,Mar del Plata Astor Piazzolla International Airport (MDQ),MDQ,MDQ → ROS,O4,Andes Líneas Aéreas,,,,,Boeing 737-700,Boeing,B737,,,fr24,,cache_modelo,modelo del cache,149
614(FERRY),Arrival,2026-10-05T15:50,2026-10-05T15:16,,Aterrizó,MDQ (MDQ),MDQ,MDQ → ROS,O4,Andes Líneas Aéreas,#9A403A,,,,Boeing 737-700,Boeing,B737,,,fids,0a0f2655-7239-4e0c-a52f-d7330449818a,cache_modelo,modelo del cache,149
615,Departure,2026-10-05T16:40,2026-10-05T16:12,,Despegó,Bariloche (BRC),BRC,ROS → BRC,O4,Andes Líneas Aéreas,#9A403A,3,A,LV-HKS,Boeing 737-8AS,Boeing,B738,e082d3,,fids+fr24,5dc1fe38-5656-4c64-a9db-017e17079528,historico,histórico FR24,186
1706,Arrival,2026-10-05T19:35,2026-10-05T20:15,,Aterrizó,Aeroparque (AEP),AEP,AEP → ROS,AR,Aerolíneas Argentinas,#467FBC,,,LV-KNR,Boeing 737 MAX 8,Boeing,B38M,e0b392,Aerolineas Argentinas,fids+fr24,8f000b35-d0a0-46e8-96e7-9eb2d43868dc,real,histórico FR24,170
1707,Departure,2026-10-05T20:05,2026-10-05T20:55,,Despegó,Aeroparque (AEP),AEP,ROS → AEP,AR,Aerolíneas Argentinas,#467FBC,3,A,LV-KNR,Boeing 737 MAX 8,Boeing,B38M,e0b392,Aerolineas Argentinas,fids+fr24,e59df3ce-5060-4db7-b19f-4bbf39937696,real,histórico FR24,170
882,Arrival,2026-10-06T00:17,2026-10-06T00:41,,Aterrizó,Panamá (PTY),PTY,PTY → ROS,CM,Copa Airlines,#15349E,,,HP-1830CMP,Boeing 737-8V3,Boeing,B738,0c208d,,fids+fr24,12541869-736b-41c9-94e8-3c170c5bbcc9,real,histórico FR24,160
836,Departure,2026-10-06T01:23,2026-10-06T02:05,,Despegó,Panamá (PTY),PTY,ROS → PTY,CM,Copa Airlines,#15349E,7,B,HP-1830CMP,Boeing 737-8V3,Boeing,B738,0c208d,,fids+fr24,11bb5fc7-01d4-4e22-9044-a04766b8a943,historico,histórico FR24,160
7722,Arrival,2026-10-06T02:10,,,Programado,Río de Janeiro (GIG),GIG,GIG → ROS,G3,GOL Linhas Aéreas,#E27B2E,,,,Boeing 737 MAX 8,Boeing,B38M,,,fids,953dc22c-3210-475b-9d39-2af3bc25d4f1,cache_modelo,modelo del cache,186
7723,Departure,2026-10-06T03:10,,,Programado,Río de Janeiro (GIG),GIG,ROS → GIG,G3,GOL Linhas Aéreas,#E27B2E,,,,Boeing 737 MAX 8,Boeing,B38M,,,fids,5c87a9c4-061e-4ee8-b393-8313c68626c3,cache_modelo,modelo del cache,186
899,Arrival,2026-10-06T03:47,2026-10-06T03:52,,Aterrizó,Panamá (PTY),PTY,PTY → ROS,CM,Copa Airlines,#15349E,,,,Boeing 737-800,Boeing,B738,,,fids+fr24,77b85d03-0f43-45d3-b925-4a9677c6df05,cache_modelo,modelo del cache,160
897,Departure,2026-10-06T05:09,2026-10-06T05:09,,Despegó,Panamá (PTY),PTY,ROS → PTY,CM,Copa Airlines,#15349E,7,B,HP-1825CMP,Boeing 737-800,Boeing,B738,0c2081,,fids+fr24,5b814763-5d68-4ef0-a4f6-3946e1463b15,historico,histórico FR24,160
2432,Arrival,2026-10-06T06:10,2026-10-06T06:52,,Aterrizó,Lima (LIM),LIM,LIM → ROS,LA,LATAM Airlines,#0B044E,,,CC-CPQ,Airbus A319-132,Airbus,A319,e80209,LATAM Airlines,fids+fr24,5092532b-914b-4a74-8343-d8965757df02,real,,144
1708,Arrival,2026-10-06T07:30,2026-10-06T07:20,,Aterrizó,Aeroparque (AEP),AEP,AEP → ROS,AR,Aerolíneas Argentinas,#467FBC,,,LV-HKV,Boeing 737 MAX 8,BOEING,B38M,e082d6,,fids+fr24,03fdd289-7508-4ebd-84c2-48df4a9e4e6b,real,,170
2433,Departure,2026-10-06T07:40,2026-10-06T07:55,,Despegó,Lima (LIM),LIM,ROS → LIM,LA,LATAM Airlines,#0B044E,,,CC-CPQ,Airbus A319-132,Airbus,A319,e80209,LATAM Airlines,fids+fr24,eefd54cd-4a3c-4021-8ee5-2d0739902587,real,,144
1709,Departure,2026-10-06T08:00,2026-10-06T08:10,,Despegó,Aeroparque (AEP),AEP,ROS → AEP,AR,Aerolíneas Argentinas,#467FBC,3,A,LV-HKV,Boeing 737 MAX 8,BOEING,B38M,e082d6,,fids+fr24,f5ec0b6b-79a0-4297-9d7b-bee3e00baa2e,real,,170
1710,Arrival,2026-10-06T13:15,2026-10-06T13:00,,Aterrizó,Aeroparque (AEP),AEP,AEP → ROS,AR,Aerolíneas Argentinas,#467FBC,,,LV-CDY,Embraer E190AR,Embraer,E190,e03119,,fids+fr24,14f3015b-bda4-4edf-ae4d-db541df1c1ce,real,,96
1711,Departure,2026-10-06T13:45,2026-10-06T13:40,,Despegó,Aeroparque (AEP),AEP,ROS → AEP,AR,Aerolíneas Argentinas,#467FBC,3,A,LV-CDY,Embraer E190AR,Embraer,E190,e03119,,fids+fr24,94465e33-d116-4dcd-8bc3-d9fe0d1af7a7,real,,96
1509,Arrival,2026-10-06T14:05,2026-10-06T13:53,,Aterrizó,Salta (SLA),SLA,SLA → ROS,AR,Aerolíneas Argentinas,#467FBC,,,LV-FVM,Boeing 737-8SH,Boeing,B738,e0658d,Aerolineas Argentinas,fids+fr24,1f1ec3f1-eca1-4598-8ad1-5396fc912ae4,real,,170
1508,Departure,2026-10-06T14:45,2026-10-06T14:40,,Despegó,Salta (SLA),SLA,ROS → SLA,AR,Aerolíneas Argentinas,#467FBC,3,A,LV-FVM,Boeing 737-8SH,Boeing,B738,e0658d,Aerolineas Argentinas,fids+fr24,63515924-f1ef-4daa-b3c3-fda57d8f8435,real,,170
1706,Arrival,2026-10-06T19:35,2026-10-06T19:41,,Aterrizó,Aeroparque (AEP),AEP,AEP → ROS,AR,Aerolíneas Argentinas,#467FBC,,,LV-CPK,Embraer E190AR,Embraer,E190,e0340b,Aerolineas Argentinas,fids+fr24,72a68afd-48d7-47a4-9ecc-b05b814ac3b9,real,histórico FR24,96
1707,Departure,2026-10-06T20:05,2026-10-06T20:24,,Despegó,Aeroparque (AEP),AEP,ROS → AEP,AR,Aerolíneas Argentinas,#467FBC,3,A,LV-CPK,Embraer E190AR,Embraer,E190,e0340b,Aerolineas Argentinas,fids+fr24,dfd7977e-6485-4a62-9300-d19b5ccba046,real,histórico FR24,96
2075,Arrival,2026-10-06T21:10,2026-10-06T21:50,,Aterrizó,Madrid (MAD),MAD,MAD → ROS,2W,World2Fly,#141E7A,,,EC-NTB,Airbus A350-941,AIRBUS,A359,347245,,fids+fr24,5b509152-aa40-4de5-98be-4d8921743a11,real,modelo del cache,432
75,Arrival,2026-10-06T21:10,,,Programado,Madrid (MAD),MAD,MAD → ROS,2W,World2Fly,#141E7A,,,,Airbus A350-900,Airbus,A359,,,fids,5a68bcf6-9d45-4eff-b7a0-983bd123ed93,suposicion,SUPUESTO por flota,432
2076,Departure,2026-10-06T23:10,2026-10-07T00:32,,Despegó,Madrid (MAD),MAD,ROS → MAD,2W,World2Fly,#141E7A,6,B,EC-NTB,Airbus A350-941,AIRBUS,A359,347245,,fids+fr24,c71767e5-1b91-4112-bff8-043f052e5131,real,mismo avión que 2075 (ARR),432
76,Departure,2026-10-06T23:10,,,Programado,Madrid (MAD),MAD,ROS → MAD,2W,World2Fly,#141E7A,,,,Airbus A350-900,Airbus,A359,,,fids,1941b78c-2931-4558-9f25-a22422d5701a,suposicion,SUPUESTO por flota,432
882,Arrival,2026-10-07T00:17,2026-10-07T00:07,,Aterrizó,Panamá (PTY),PTY,PTY → ROS,CM,Copa Airlines,#15349E,,,,Boeing 737-800,Boeing,B738,,,fids+fr24,808ad892-5299-41ec-983c-97475d237718,historico,histórico FR24,160
7722,Arrival,2026-10-07T01:10,2026-10-07T00:56,,Aterrizó,Río de Janeiro (GIG),GIG,GIG → ROS,G3,GOL Linhas Aéreas,#E27B2E,,,,Boeing 737 MAX 8,Boeing,B38M,,,fids+fr24,e9d8bc1d-f3a1-4fc0-8bee-d2920dbb7ccf,cache_modelo,modelo del cache,186
836,Departure,2026-10-07T01:23,2026-10-07T01:37,,Despegó,Panamá (PTY),PTY,ROS → PTY,CM,Copa Airlines,#15349E,5,B,HP-1727CMP,Boeing 737-8V3,Boeing,B738,0c2069,,fids+fr24,899d5ad0-2017-43b5-869b-6203862b5258,historico,histórico FR24,160
7723,Departure,2026-10-07T02:10,2026-10-07T02:10,,Despegó,Río de Janeiro (GIG),GIG,ROS → GIG,G3,GOL Linhas Aéreas,#E27B2E,6,B,PR-GGR,Boeing 737-8EH,Boeing,B738,e48396,,fids+fr24,3c3d1ac7-a366-4956-b8a7-05d349aa85a2,historico,histórico FR24,186
6676,Arrival,2026-10-07T02:33,2026-10-07T02:17,,Aterrizó,Punta Cana (PUJ),PUJ,PUJ → ROS,DM,Arajet,#482C72,,,,Boeing 737 MAX 8,,B38M,,,fids+fr24,28888510-233e-4bda-afb8-73920956debd,cache_modelo,modelo del cache,185
6677,Departure,2026-10-07T03:39,2026-10-07T03:50,,Despegó,Punta Cana (PUJ),PUJ,ROS → PUJ,DM,Arajet,#482C72,7,B,HI1118,Boeing 737 MAX 8,Boeing,B38M,0c43aa,,fids+fr24,65e8f0fc-7931-4228-8334-cd2b90cbeac9,historico,histórico FR24,185
899,Arrival,2026-10-07T03:47,,,Programado,Panamá (PTY),PTY,PTY → ROS,CM,Copa Airlines,#15349E,,,,Boeing 737-800,Boeing,B738,,,fids,41466a07-2040-4a11-88e6-3b92e566defe,cache_modelo,modelo del cache,160
897,Departure,2026-10-07T05:09,,,Programado,Panamá (PTY),PTY,ROS → PTY,CM,Copa Airlines,#15349E,,,,Boeing 737-800,Boeing,B738,,,fids,13314b6b-4a9f-437a-bb59-8f43d6d662cb,cache_modelo,modelo del cache,160
2432,Arrival,2026-10-07T06:10,2026-10-07T05:43,,Aterrizó,Lima (LIM),LIM,LIM → ROS,LA,LATAM Airlines,#0B044E,,,CC-CQL,Airbus A319-132,Airbus,A319,e8020c,,fids+fr24,154d52c0-0cfa-4591-b541-fda294e85ece,real,,144
2433,Departure,2026-10-07T07:40,2026-10-07T07:51,,En horario,Lima (LIM),LIM,ROS → LIM,LA,LATAM Airlines,#0B044E,7,B,CC-CQL,Airbus A319-132,Airbus,A319,e8020c,,fids+fr24,96c677e1-1fae-4ce6-8d4a-fba56607f1b6,real,,144
1708,Arrival,2026-10-07T09:30,,,En horario,Ezeiza (EZE),EZE,EZE → ROS,AR,Aerolíneas Argentinas,#467FBC,,,LV-CET,Embraer E190AR,Embraer,E190,e03154,,fids+fr24,3e8c1a9f-cc87-4a4b-9ab6-be3daab9c8d5,real,,96
1709,Departure,2026-10-07T10:00,,,Programado,Aeroparque (AEP),AEP,ROS → AEP,AR,Aerolíneas Argentinas,#467FBC,,,LV-CET,Embraer E190AR,Embraer,E190,e03154,,fids+fr24,b09376f1-2b24-4a92-8d9c-7c183be58e81,real,,96
8170,Arrival,2026-10-07T11:40,,,Programado,São Paulo (GRU),GRU,GRU → ROS,LA,LATAM Airlines,#0B044E,,,PR-MYR,Airbus A320-214,Airbus,A320,e48b64,LATAM Airlines,fids+fr24,1a5f9b77-d6bf-4010-b309-85480131d289,real,,174
8171,Departure,2026-10-07T12:40,2026-10-07T12:51,,Programado,São Paulo (GRU),GRU,ROS → GRU,LA,LATAM Airlines,#0B044E,,,PR-MYR,Airbus A320-214,Airbus,A320,e48b64,LATAM Airlines,fids+fr24,59427fc0-32b2-4fe4-b473-4470cc50cd73,real,,174
1714,Arrival,2026-10-07T14:15,,,Programado,Aeroparque (AEP),AEP,AEP → ROS,AR,Aerolíneas Argentinas,#467FBC,,,LV-GGQ,Boeing 737-800,Boeing,B738,e071d1,,fids+fr24,6d619102-2829-40b5-ad94-db79e2787e19,real,,170
1715,Departure,2026-10-07T14:55,,,Programado,Aeroparque (AEP),AEP,ROS → AEP,AR,Aerolíneas Argentinas,#467FBC,,,LV-GGQ,Boeing 737-800,Boeing,B738,e071d1,,fids+fr24,8382b0c3-3e21-464d-a6b0-ee8b34097cec,real,,170
1706,Arrival,2026-10-07T20:15,,,Programado,Aeroparque (AEP),AEP,AEP → ROS,AR,Aerolíneas Argentinas,#467FBC,,,LV-CIE,Embraer E190AR,Embraer,E190,e03245,,fids+fr24,e7392df6-d1f6-4182-9334-6e66acf0c584,real,histórico FR24,96
1707,Departure,2026-10-07T20:45,,,Programado,Aeroparque (AEP),AEP,ROS → AEP,AR,Aerolíneas Argentinas,#467FBC,,,LV-CIE,Embraer E190AR,Embraer,E190,e03245,,fids+fr24,1bb33b45-75df-4916-87dc-a5d33d8078fd,real,histórico FR24,96
882,Arrival,2026-10-08T00:17,,,Programado,Panamá (PTY),PTY,PTY → ROS,CM,Copa Airlines,#15349E,,,,Boeing 737 MAX 8,Boeing,B38M,,,fids+fr24,ab364164-5cd6-486b-bf31-05dec690d212,historico,histórico FR24,166
836,Departure,2026-10-08T01:23,2026-10-08T01:23,,Programado,Panamá (PTY),PTY,ROS → PTY,CM,Copa Airlines,#15349E,,,,Boeing 737-8V3,Boeing,B738,,,fids+fr24,c25fb20a-514b-487d-85ca-1fd7f94e91b1,cache_modelo,modelo del cache,160
7722,Arrival,2026-10-08T02:10,,,Programado,Río de Janeiro (GIG),GIG,GIG → ROS,G3,GOL Linhas Aéreas,#E27B2E,,,,Boeing 737 MAX 8,Boeing,B38M,,,fids,a3a2634d-721e-40cc-bdb5-c45fbd0bb3db,cache_modelo,modelo del cache,186
7723,Departure,2026-10-08T03:10,,,Programado,Río de Janeiro (GIG),GIG,ROS → GIG,G3,GOL Linhas Aéreas,#E27B2E,,,,Boeing 737 MAX 8,Boeing,B38M,,,fids,22503629-b40d-4d52-9b42-d9eecbf27863,cache_modelo,modelo del cache,186
899,Arrival,2026-10-08T03:47,,,Programado,Panamá (PTY),PTY,PTY → ROS,CM,Copa Airlines,#15349E,,,,Boeing 737-800,Boeing,B738,,,fids+fr24,59114b8c-8d43-49a3-bd26-259e74cd2143,cache_modelo,modelo del cache,160
897,Departure,2026-10-08T05:09,2026-10-08T05:09,,Programado,Panamá (PTY),PTY,ROS → PTY,CM,Copa Airlines,#15349E,,,,Boeing 737-8V3,Boeing,B738,,,fids+fr24,3c064a51-69be-4988-989a-d359a413ed6b,cache_modelo,modelo del cache,160
1708,Arrival,2026-10-08T07:35,,,Programado,Aeroparque (AEP),AEP,AEP → ROS,AR,Aerolíneas Argentinas,#467FBC,,,LV-CPJ,Embraer E190AR,Embraer,E190,e0340a,,fids+fr24,007e32f8-7bc2-49aa-bcde-8d6a80ceb76c,real,,96
1709,Departure,2026-10-08T08:15,,,Programado,Aeroparque (AEP),AEP,ROS → AEP,AR,Aerolíneas Argentinas,#467FBC,,,LV-CPJ,Embraer E190AR,Embraer,E190,e0340a,,fids+fr24,48fc2746-2ceb-474f-be86-577d12e1ed99,real,,96
1711,Arrival,2026-10-08T14:40,,,Programado,Iguazú (IGR),IGR,IGR → ROS,AR,Aerolíneas Argentinas,#467FBC,,,LV-FVN,Embraer E190AR,Embraer,E190,e0658e,,fids+fr24,f0b4d9b0-e0a2-4032-9e6a-27fb4fe6b46a,real,corregido por matrícula (manual),96
1710,Departure,2026-10-08T15:30,,,Programado,Iguazú (IGR),IGR,ROS → IGR,AR,Aerolíneas Argentinas,#467FBC,,,LV-FVN,Embraer E190AR,Embraer,E190,e0658e,,fids+fr24,3bef7af0-b349-4b90-9cc1-2a186e344cb2,real,corregido por matrícula (manual),96
2075,Arrival,2026-10-08T18:00,,,Programado,Madrid (MAD),MAD,MAD → ROS,2W,World2Fly,#141E7A,,,,Airbus A350-941,AIRBUS,A359,,,fids+fr24,6dc4f219-7917-4376-887e-fb93f3151a82,cache_modelo,modelo del cache,432
75,Arrival,2026-10-08T18:00,,,Programado,Madrid (MAD),MAD,MAD → ROS,2W,World2Fly,#141E7A,,,,Airbus A350-900,Airbus,A359,,,fids,3d7ce6d8-a745-4d55-954b-91d90bdbbd29,cache_modelo,modelo del cache,432
1718,Arrival,2026-10-08T20:00,,,Programado,Aeroparque (AEP),AEP,AEP → ROS,AR,Aerolíneas Argentinas,#467FBC,,,LV-CEV,Embraer E190AR,Embraer,E190,e03156,,fids,702ba4a5-9324-4fbd-987b-057a8b898973,historico,histórico FR24,96
2076,Departure,2026-10-08T20:00,,,Programado,Madrid (MAD),MAD,ROS → MAD,2W,World2Fly,#141E7A,,,,Airbus A350-941,AIRBUS,A359,,,fids,251bc1f8-727c-49db-95f3-6a2e57ca1faa,cache_modelo,modelo del cache,432
76,Departure,2026-10-08T20:00,,,Programado,Madrid (MAD),MAD,ROS → MAD,2W,World2Fly,#141E7A,,,,Airbus A350-900,Airbus,A359,,,fids,9e857672-d93d-4859-80f4-c1f7ff229e45,cache_modelo,modelo del cache,432
1719,Departure,2026-10-08T20:30,,,Programado,Ezeiza (EZE),EZE,ROS → EZE,AR,Aerolíneas Argentinas,#467FBC,,,LV-CEV,Embraer E190AR,Embraer,E190,e03156,,fids,764bd1f9-5ea4-4457-ac75-deed4cfe94c4,historico,histórico FR24,96
